{"IsDeleted":false,"IsDisabled":false,"isPublic":true,"Description":"","Version":0,"ProjectID":"602458f3d91dc20a40be1273","isCachedCDN":"","_id":"602458f3d91dc20a40be1272","Props":{"elements":{"s6":{"type":"Strip","props":{"styleRef":"s6","tag":"Hero"},"children":["e7","e8","e9","e191"],"parent":null},"e191":{"type":"Svg","props":{"lg":{"variant":"Triangle","gridArea":"Col1","svg":"","viewBox":"0 0 50 47","position":{"left":619,"top":172,"leftUnit":"px","topUnit":"px","right":"","bottom":"","transform":""},"isHidden":false},"styleRef":"e191"},"children":[],"parent":"s6"},"e192":{"type":"FormField","props":{"control":"richtextarea","lg":{"value":"","label":"Rich textarea field","placeholder":"Rich textarea field","variant":"standard","gridArea":"Col1","position":{"left":504,"top":21,"leftUnit":"px","topUnit":"px","right":"","bottom":"","transform":""},"isHidden":false},"styleRef":"e192"},"children":[],"parent":"s187"},"e162":{"type":"FormField","props":{"control":"text","lg":{"value":"","label":"firstname","placeholder":"Text field","variant":"standard","gridArea":"Col1","position":{"left":522,"top":68,"leftUnit":"px","topUnit":"px","right":"","bottom":"","transform":""},"isHidden":false},"styleRef":"e162"},"children":[],"parent":"s140"},"e163":{"type":"FormField","props":{"control":"text","lg":{"value":"","label":"last name","placeholder":"Text field","variant":"standard","gridArea":"Col1","position":{"left":520,"top":162,"leftUnit":"px","topUnit":"px","right":"","bottom":"","transform":""},"isHidden":false},"styleRef":"e163"},"children":[],"parent":"s140"},"e164":{"type":"FormField","props":{"control":"email","lg":{"value":"","label":"Email","placeholder":"Email field","variant":"standard","gridArea":"Col1","position":{"left":520,"top":260,"leftUnit":"px","topUnit":"px","right":"","bottom":"","transform":""},"isHidden":false},"styleRef":"e164"},"children":[],"parent":"s140"},"e166":{"type":"Button","props":{"lg":{"text":"Button","gridArea":"Col1","variant":"primary","position":{"left":521,"top":359,"leftUnit":"px","topUnit":"px","right":"","bottom":"","transform":""},"isHidden":false},"target":"self","customURL":"","type":"redirect","redirect":{"label":"Other","value":"other"},"styleRef":"e166","action":[{"uid":"d824c98b-7057-4b82-936d-ff77dd059f5e","conditions":[],"isAction":false,"actions":{"sfAction":[{"items":[]}],"executeJS":{"0":{"enabled":true,"code":"let fnameval = ftGetValueByID('9bb5f059-c8bd-4da4-9f7e-2611f20ae7e1', 'e162'); \nfnameval += 'TITAN WEB IS REALLY COOL';\n\nftSetValueByID('9bb5f059-c8bd-4da4-9f7e-2611f20ae7e1', 'e163', fnameval);"}}}}]},"children":[],"parent":"s140"},"e188":{"type":"Typography","props":{"lg":{"text":"Subhead","variant":"subhead","gridArea":"Col1","position":{"left":120,"top":41,"leftUnit":"px","topUnit":"px","right":"","bottom":"","transform":""},"isHidden":false},"styleRef":"e188","tag":"Account Name"},"children":[],"parent":"s187"},"e189":{"type":"Typography","props":{"lg":{"text":"Subhead","variant":"subhead","gridArea":"Col1","position":{"left":119,"top":127,"leftUnit":"px","topUnit":"px","right":"","bottom":"","transform":""},"isHidden":false},"styleRef":"e189","tag":"Account Type"},"children":[],"parent":"s187"},"e7":{"type":"Typography","props":{"lg":{"text":"Jump into Ski Experience","variant":"title","gridArea":"Col1","position":{"left":58,"top":138,"leftUnit":"px","topUnit":"px","right":"","bottom":"","transform":""},"isHidden":false},"styleRef":"e7","md":{"position":{"left":96,"top":74,"leftUnit":"px","topUnit":"px","right":"","bottom":"","transform":""},"text":"Jump into<div>Ski Experience</div>"},"sm":{"position":{"left":117,"top":28,"leftUnit":"px","topUnit":"px","right":"","bottom":"","transform":""},"text":"Jump into<div>Ski Experience</div>"},"xs":{"position":{"left":9,"top":25,"leftUnit":"px","topUnit":"px","right":"","bottom":"","transform":""},"text":"Jump into<div>Ski Experience</div>","variant":"h1"},"ss":{"position":{"left":0,"top":55,"leftUnit":"px","topUnit":"px","right":"","bottom":"","transform":""},"text":"Jump into<div>Ski Experience</div>"}},"children":[],"parent":"s6"},"e8":{"type":"Typography","props":{"lg":{"text":"Lorem ipsum dolor sit amet, consectetur adipiscing elit, sed do eiusmod tempor incididunt ut labore et dolore magna aliqua.","variant":"p","gridArea":"Col1","position":{"left":54,"top":315,"leftUnit":"px","topUnit":"px","right":"","bottom":"","transform":""},"isHidden":false},"styleRef":"e8","md":{"position":{"left":96,"top":249,"leftUnit":"px","topUnit":"px","right":"","bottom":"","transform":""},"text":"Lorem ipsum dolor sit amet, consectetur adipiscing elit, sed do eiusmod tempor incididunt ut labore et dolore magna aliqua."},"sm":{"position":{"left":118,"top":215,"leftUnit":"px","topUnit":"px","right":"","bottom":"","transform":""},"text":"Lorem ipsum dolor sit amet, consectetur adipiscing elit, sed do eiusmod tempor incididunt ut labore et dolore magna aliqua."},"xs":{"position":{"left":29,"top":156,"leftUnit":"px","topUnit":"px","right":"","bottom":"","transform":""},"text":"Lorem ipsum dolor sit amet, consectetur adipiscing elit, sed do eiusmod tempor incididunt ut labore et dolore magna aliqua."},"ss":{"position":{"left":19,"top":184,"leftUnit":"px","topUnit":"px","right":"","bottom":"","transform":""},"text":"Lorem ipsum dolor sit amet, consectetur adipiscing elit, sed do eiusmod tempor incididunt ut labore et dolore magna aliqua."}},"children":[],"parent":"s6"},"e9":{"type":"Button","props":{"ss":{"position":{"left":69,"top":328,"leftUnit":"px","topUnit":"px","right":"","bottom":"","transform":"","rightUnit":""}},"styleRef":"e9","target":"self","confirmation":{"title":"Confirmation"},"action":[{"uid":"c2a2c539-e119-4bd8-89bd-1dda26e98e5d","conditions":[],"isAction":false,"actions":{"9bb5f059-c8bd-4da4-9f7e-2611f20ae7e1:e92":[{"elemType":"Typography","type":"hide"},{"elemType":"Typography","type":"runAnimation","animation":{"label":"ShakeX","value":"animate__shakeX"}}],"sfAction":[{"items":[{"label":"#1 Account (get) ","value":"4b8c9f38-6b8e-465f-9e95-bc08e0ffbeae","order":""}],"isParallelLoad":false}],"9bb5f059-c8bd-4da4-9f7e-2611f20ae7e1:e95":[{"elemType":"Widget","type":"runAnimation","animation":{"label":"Flash","value":"animate__flash"}}]}}],"md":{"position":{"left":96,"top":347,"leftUnit":"px","topUnit":"px","right":"","bottom":"","transform":""}},"isConfirmMode":false,"sm":{"position":{"left":292,"top":300,"leftUnit":"px","topUnit":"px","right":"","bottom":"","transform":""}},"type":"redirect","lg":{"text":"Jump","gridArea":"Col1","variant":"primary","position":{"left":56,"top":417,"leftUnit":"px","topUnit":"px","right":"","bottom":"","transform":""},"isHidden":false,"animation":{"delay":"0.2","offset":"200","duration":"3"}},"xs":{"position":{"left":"50","top":308,"leftUnit":"%","topUnit":"px","right":"unset","bottom":"","transform":"translateX(-50%)","rightUnit":""}},"redirect":{"label":"Other","value":"other"},"customURL":""},"children":[],"parent":"s6"},"s140":{"type":"Strip","props":{"styleRef":"s140","isRepeat":false,"isRepeatCol":false,"tag":"contacts_strip"},"children":["e162","e163","e164","e166"],"parent":null},"s187":{"type":"Strip","props":{"styleRef":"s187","isRepeat":true,"isRepeatCol":false,"params":[{"id":"01432a5a-0550-4dee-8b92-dac040078adf","valueType":"static","name":"acc_type_var","value":"","paramType":"static"}]},"children":["e188","e189","e192"],"parent":null},"s1":{"type":"Strip","props":{"styleRef":"s1","tag":"","comment":""},"children":[],"parent":null}},"Grid":["s6","s187","s140","s1"],"styles":{"s6":{"type":"Strip","lg":{"root":{"shadow":[{"color":"rgba(208, 38, 38, 1)"}],"height":"auto","fontWeight":"normal","backgroundRepeat":"no-repeat","backgroundImage":"https://d3255hq6rclyj1.cloudfront.net/5fce4dddab5dd1499aad4511_ftusergal_.jpg","backgroundSize":"auto","fontFamily":"'Lato', sans-serif;","backgroundPosition":"center center","minHeight":600},"columns":1,"rows":1,"areas":[["Col1"]],"isEnableSpread":true,"overlay":{"backgroundColor":"#0000001f","opacity":1},"rootHover":{"shadow":[{"color":"rgba(208, 38, 38, 1)"}],"height":"auto","fontWeight":"normal","backgroundRepeat":"no-repeat","backgroundImage":"https://d3255hq6rclyj1.cloudfront.net/5fce4dddab5dd1499aad4511_ftusergal_.jpg","backgroundSize":"auto","fontFamily":"'Lato', sans-serif;","backgroundPosition":"center center","minHeight":600},"rootActive":{"shadow":[{"color":"rgba(208, 38, 38, 1)"}],"height":"auto","fontWeight":"normal","backgroundRepeat":"no-repeat","backgroundImage":"https://d3255hq6rclyj1.cloudfront.net/5fce4dddab5dd1499aad4511_ftusergal_.jpg","backgroundSize":"auto","fontFamily":"'Lato', sans-serif;","backgroundPosition":"center center","minHeight":600}},"md":{"root":{"shadow":[{"color":"rgba(208, 38, 38, 1)"}],"height":"auto","fontWeight":"normal","backgroundRepeat":"no-repeat","backgroundImage":"https://d3255hq6rclyj1.cloudfront.net/5fce4dddab5dd1499aad4511_ftusergal_.jpg","backgroundSize":"auto","fontFamily":"'Lato', sans-serif;","backgroundPosition":"center center","minHeight":492},"columns":1,"rows":1,"areas":[["Col1"]],"isEnableSpread":true,"overlay":{"backgroundColor":"#0000001f","opacity":1},"rootHover":{"shadow":[{"color":"rgba(208, 38, 38, 1)"}],"height":"auto","fontWeight":"normal","backgroundRepeat":"no-repeat","backgroundImage":"https://d3255hq6rclyj1.cloudfront.net/5fce4dddab5dd1499aad4511_ftusergal_.jpg","backgroundSize":"auto","fontFamily":"'Lato', sans-serif;","backgroundPosition":"center center","minHeight":492},"rootActive":{"shadow":[{"color":"rgba(208, 38, 38, 1)"}],"height":"auto","fontWeight":"normal","backgroundRepeat":"no-repeat","backgroundImage":"https://d3255hq6rclyj1.cloudfront.net/5fce4dddab5dd1499aad4511_ftusergal_.jpg","backgroundSize":"auto","fontFamily":"'Lato', sans-serif;","backgroundPosition":"center center","minHeight":492}},"IsConfiguredDevice":{"md":true,"sm":true,"xs":true,"ss":true,"lg":true},"sm":{"isEnableSpread":true,"root":{"shadow":[{"color":"rgba(208, 38, 38, 1)"}],"height":"auto","fontWeight":"normal","backgroundRepeat":"no-repeat","backgroundImage":"https://d3255hq6rclyj1.cloudfront.net/5fce4dddab5dd1499aad4511_ftusergal_.jpg","backgroundSize":"auto","fontFamily":"'Lato', sans-serif;","backgroundPosition":"center center","minHeight":414},"areas":[["Col1"]],"rootActive":{"shadow":[{"color":"rgba(208, 38, 38, 1)"}],"height":"auto","fontWeight":"normal","backgroundRepeat":"no-repeat","backgroundImage":"https://d3255hq6rclyj1.cloudfront.net/5fce4dddab5dd1499aad4511_ftusergal_.jpg","backgroundSize":"auto","fontFamily":"'Lato', sans-serif;","backgroundPosition":"center center","minHeight":414},"overlay":{"backgroundColor":"#0000001f","opacity":1},"row0":414,"rows":1,"row0Unit":"px","rootHover":{"shadow":[{"color":"rgba(208, 38, 38, 1)"}],"height":"auto","fontWeight":"normal","backgroundRepeat":"no-repeat","backgroundImage":"https://d3255hq6rclyj1.cloudfront.net/5fce4dddab5dd1499aad4511_ftusergal_.jpg","backgroundSize":"auto","fontFamily":"'Lato', sans-serif;","backgroundPosition":"center center","minHeight":414},"columns":"1"},"xs":{"isEnableSpread":false,"root":{"shadow":[{"color":"rgba(208, 38, 38, 1)"}],"height":"auto","fontWeight":"normal","backgroundRepeat":"no-repeat","backgroundImage":"https://d3255hq6rclyj1.cloudfront.net/5fce4dddab5dd1499aad4511_ftusergal_.jpg","backgroundSize":"cover","fontFamily":"'Lato', sans-serif;","backgroundPosition":"top center","minHeight":411},"areas":[["Col1"]],"rootActive":{"shadow":[{"color":"rgba(208, 38, 38, 1)"}],"height":"auto","fontWeight":"normal","backgroundRepeat":"no-repeat","backgroundImage":"https://d3255hq6rclyj1.cloudfront.net/5fce4dddab5dd1499aad4511_ftusergal_.jpg","backgroundSize":"cover","fontFamily":"'Lato', sans-serif;","backgroundPosition":"top center","minHeight":411},"overlay":{"backgroundColor":"#0000001f","opacity":1},"row0":411,"rows":1,"row0Unit":"px","rootHover":{"shadow":[{"color":"rgba(208, 38, 38, 1)"}],"height":"auto","fontWeight":"normal","backgroundRepeat":"no-repeat","backgroundImage":"https://d3255hq6rclyj1.cloudfront.net/5fce4dddab5dd1499aad4511_ftusergal_.jpg","backgroundSize":"cover","fontFamily":"'Lato', sans-serif;","backgroundPosition":"top center","minHeight":411},"columns":"1"},"ss":{"isEnableSpread":false,"root":{"shadow":[{"color":"rgba(208, 38, 38, 1)"}],"height":"auto","fontWeight":"normal","backgroundRepeat":"no-repeat","backgroundImage":"https://d3255hq6rclyj1.cloudfront.net/5fce4dddab5dd1499aad4511_ftusergal_.jpg","backgroundSize":"cover","fontFamily":"'Lato', sans-serif;","backgroundPosition":"top center","minHeight":431},"areas":[["Col1"]],"rootActive":{"shadow":[{"color":"rgba(208, 38, 38, 1)"}],"height":"auto","fontWeight":"normal","backgroundRepeat":"no-repeat","backgroundImage":"https://d3255hq6rclyj1.cloudfront.net/5fce4dddab5dd1499aad4511_ftusergal_.jpg","backgroundSize":"cover","fontFamily":"'Lato', sans-serif;","backgroundPosition":"top center","minHeight":431},"overlay":{"backgroundColor":"#0000001f","opacity":1},"row0":431,"rows":1,"row0Unit":"px","rootHover":{"shadow":[{"color":"rgba(208, 38, 38, 1)"}],"height":"auto","fontWeight":"normal","backgroundRepeat":"no-repeat","backgroundImage":"https://d3255hq6rclyj1.cloudfront.net/5fce4dddab5dd1499aad4511_ftusergal_.jpg","backgroundSize":"cover","fontFamily":"'Lato', sans-serif;","backgroundPosition":"top center","minHeight":431},"columns":"1"}},"e191":{"lg":{"root":{"fill":"#ff0000ff","width":279,"height":233,"minWidth":279,"minHeight":233}},"type":"Svg"},"e192":{"lg":{"root":{"width":"400","height":"400"}},"type":"FormField"},"e162":{"lg":{"root":{"width":"270","height":"auto"}},"type":"FormField"},"e163":{"lg":{"root":{"width":"270","height":"auto"}},"type":"FormField"},"e164":{"lg":{"root":{"width":"270","height":"auto"}},"type":"FormField"},"e166":{"lg":{"root":{"width":269.5,"height":"42"}},"type":"Button"},"e188":{"lg":{"root":{"width":503,"height":40}},"type":"Typography"},"e189":{"lg":{"root":{"width":503,"height":40}},"type":"Typography"},"e7":{"lg":{"root":{"color":"#ffffffff","width":503,"height":173,"fontWeight":"bold","fontSize":"72px","fontFamily":"'Exo 2', sans-serif;","minWidth":"0","minHeight":173,"lineHeight":"80","letterSpacing":0}},"type":"Typography","IsConfiguredDevice":{"md":true,"sm":true,"xs":true,"ss":true},"md":{"root":{"color":"#ffffffff","width":503,"height":173,"fontWeight":"bold","fontSize":"72px","fontFamily":"'Exo 2', sans-serif;","minWidth":"0","minHeight":173,"lineHeight":"80","letterSpacing":0}},"sm":{"root":{"color":"#ffffffff","width":530.5,"height":173,"fontWeight":"bold","fontSize":"72px","fontFamily":"'Exo 2', sans-serif;","minWidth":"0","textAlign":"center","minHeight":173,"lineHeight":"80","letterSpacing":0}},"xs":{"root":{"color":"#ffffffff","width":341,"height":142,"fontWeight":"bold","fontSize":"46px","fontFamily":"'Exo 2', sans-serif;","minWidth":"0","textAlign":"center","lineHeight":"60","letterSpacing":0}},"ss":{"root":{"color":"#ffffffff","width":316,"height":128,"fontWeight":"bold","fontSize":"46px","fontFamily":"'Exo 2', sans-serif;","minWidth":"0","textAlign":"center","minHeight":128,"lineHeight":59,"letterSpacing":0}}},"e8":{"lg":{"root":{"color":"#ffffffff","width":421,"height":86,"fontWeight":"normal","fontSize":"16px","fontFamily":"'Exo 2', sans-serif;","minWidth":"0","lineHeight":"27","letterSpacing":0}},"type":"Typography","IsConfiguredDevice":{"md":true,"sm":true,"xs":true,"ss":true},"md":{"root":{"color":"#ffffffff","width":421,"height":86,"fontWeight":"normal","fontSize":"16px","fontFamily":"'Exo 2', sans-serif;","minWidth":"0","lineHeight":"27","letterSpacing":0}},"sm":{"root":{"color":"#ffffffff","width":530.5,"height":64,"fontWeight":"normal","fontSize":"16px","fontFamily":"'Exo 2', sans-serif;","minWidth":"0","minHeight":64,"lineHeight":"27","letterSpacing":0}},"xs":{"root":{"color":"#ffffffff","width":300,"height":118,"fontWeight":"normal","fontSize":"16px","fontFamily":"'Exo 2', sans-serif;","minHeight":118,"lineHeight":"27","letterSpacing":0}},"ss":{"root":{"color":"#ffffffff","width":278,"height":118,"fontWeight":"normal","fontSize":"16px","fontFamily":"'Exo 2', sans-serif;","minWidth":"0","minHeight":118,"lineHeight":"27","letterSpacing":0}}},"e9":{"lg":{"root":{"color":"rgba(255, 255, 255, 1)","paddingTop":"0","borderStyle":"solid","width":"178","height":"52","fontWeight":"bold","paddingRight":"0","fontSize":"18px","fontFamily":"'Exo 2', sans-serif;","backgroundColor":"#0091ff","borderColor":"#0293E2","paddingLeft":"0","borderWidth":"0","lineHeight":"30","paddingBottom":"0","letterSpacing":0,"borderRadius":"5"},"rootHover":{"color":"rgba(255, 255, 255, 1)","paddingTop":"0","borderStyle":"solid","width":"178","height":"52","fontWeight":"bold","paddingRight":"0","fontSize":"18px","fontFamily":"'Exo 2', sans-serif;","backgroundColor":"#0091ff","borderColor":"#0293E2","paddingLeft":"0","borderWidth":"0","lineHeight":"30","paddingBottom":"0","letterSpacing":0,"borderRadius":"5"},"rootActive":{"color":"rgba(255, 255, 255, 1)","paddingTop":"0","borderStyle":"solid","width":"178","height":"52","fontWeight":"bold","paddingRight":"0","fontSize":"18px","fontFamily":"'Exo 2', sans-serif;","backgroundColor":"#0091ff","borderColor":"#0293E2","paddingLeft":"0","borderWidth":"0","lineHeight":"30","paddingBottom":"0","letterSpacing":0,"borderRadius":"5"}},"type":"Button","IsConfiguredDevice":{"md":true,"sm":true,"xs":true,"ss":true},"md":{"root":{"color":"rgba(255, 255, 255, 1)","paddingTop":"0","borderStyle":"solid","width":"178","height":"52","fontWeight":"bold","paddingRight":"0","fontSize":"18px","fontFamily":"'Exo 2', sans-serif;","backgroundColor":"#0091ff","borderColor":"#0293E2","paddingLeft":"0","borderWidth":"0","lineHeight":"30","paddingBottom":"0","letterSpacing":0,"borderRadius":"5"},"rootHover":{"color":"rgba(255, 255, 255, 1)","paddingTop":"0","borderStyle":"solid","width":"178","height":"52","fontWeight":"bold","paddingRight":"0","fontSize":"18px","fontFamily":"'Exo 2', sans-serif;","backgroundColor":"#0091ff","borderColor":"#0293E2","paddingLeft":"0","borderWidth":"0","lineHeight":"30","paddingBottom":"0","letterSpacing":0,"borderRadius":"5"},"rootActive":{"color":"rgba(255, 255, 255, 1)","paddingTop":"0","borderStyle":"solid","width":"178","height":"52","fontWeight":"bold","paddingRight":"0","fontSize":"18px","fontFamily":"'Exo 2', sans-serif;","backgroundColor":"#0091ff","borderColor":"#0293E2","paddingLeft":"0","borderWidth":"0","lineHeight":"30","paddingBottom":"0","letterSpacing":0,"borderRadius":"5"}},"sm":{"root":{"color":"rgba(255, 255, 255, 1)","paddingTop":"0","borderStyle":"solid","width":"178","height":"52","fontWeight":"bold","paddingRight":"0","fontSize":"18px","fontFamily":"'Exo 2', sans-serif;","backgroundColor":"#0091ff","borderColor":"#0293E2","paddingLeft":"0","borderWidth":"0","lineHeight":"30","paddingBottom":"0","letterSpacing":0,"borderRadius":"5"},"rootHover":{"color":"rgba(255, 255, 255, 1)","paddingTop":"0","borderStyle":"solid","width":"178","height":"52","fontWeight":"bold","paddingRight":"0","fontSize":"18px","fontFamily":"'Exo 2', sans-serif;","backgroundColor":"#0091ff","borderColor":"#0293E2","paddingLeft":"0","borderWidth":"0","lineHeight":"30","paddingBottom":"0","letterSpacing":0,"borderRadius":"5"},"rootActive":{"color":"rgba(255, 255, 255, 1)","paddingTop":"0","borderStyle":"solid","width":"178","height":"52","fontWeight":"bold","paddingRight":"0","fontSize":"18px","fontFamily":"'Exo 2', sans-serif;","backgroundColor":"#0091ff","borderColor":"#0293E2","paddingLeft":"0","borderWidth":"0","lineHeight":"30","paddingBottom":"0","letterSpacing":0,"borderRadius":"5"}},"xs":{"root":{"color":"rgba(255, 255, 255, 1)","paddingTop":"0","borderStyle":"solid","width":"178","height":"52","fontWeight":"bold","paddingRight":"0","fontSize":"18px","fontFamily":"'Exo 2', sans-serif;","backgroundColor":"#0091ff","borderColor":"#0293E2","paddingLeft":"0","borderWidth":"0","lineHeight":"30","paddingBottom":"0","letterSpacing":0,"borderRadius":"5"},"rootHover":{"color":"rgba(255, 255, 255, 1)","paddingTop":"0","borderStyle":"solid","width":"178","height":"52","fontWeight":"bold","paddingRight":"0","fontSize":"18px","fontFamily":"'Exo 2', sans-serif;","backgroundColor":"#0091ff","borderColor":"#0293E2","paddingLeft":"0","borderWidth":"0","lineHeight":"30","paddingBottom":"0","letterSpacing":0,"borderRadius":"5"},"rootActive":{"color":"rgba(255, 255, 255, 1)","paddingTop":"0","borderStyle":"solid","width":"178","height":"52","fontWeight":"bold","paddingRight":"0","fontSize":"18px","fontFamily":"'Exo 2', sans-serif;","backgroundColor":"#0091ff","borderColor":"#0293E2","paddingLeft":"0","borderWidth":"0","lineHeight":"30","paddingBottom":"0","letterSpacing":0,"borderRadius":"5"}},"ss":{"root":{"color":"rgba(255, 255, 255, 1)","paddingTop":"0","borderStyle":"solid","width":"178","height":"52","fontWeight":"bold","paddingRight":"0","fontSize":"18px","fontFamily":"'Exo 2', sans-serif;","backgroundColor":"#0091ff","borderColor":"#0293E2","paddingLeft":"0","borderWidth":"0","lineHeight":"30","paddingBottom":"0","letterSpacing":0,"borderRadius":"5"},"rootHover":{"color":"rgba(255, 255, 255, 1)","paddingTop":"0","borderStyle":"solid","width":"178","height":"52","fontWeight":"bold","paddingRight":"0","fontSize":"18px","fontFamily":"'Exo 2', sans-serif;","backgroundColor":"#0091ff","borderColor":"#0293E2","paddingLeft":"0","borderWidth":"0","lineHeight":"30","paddingBottom":"0","letterSpacing":0,"borderRadius":"5"},"rootActive":{"color":"rgba(255, 255, 255, 1)","paddingTop":"0","borderStyle":"solid","width":"178","height":"52","fontWeight":"bold","paddingRight":"0","fontSize":"18px","fontFamily":"'Exo 2', sans-serif;","backgroundColor":"#0091ff","borderColor":"#0293E2","paddingLeft":"0","borderWidth":"0","lineHeight":"30","paddingBottom":"0","letterSpacing":0,"borderRadius":"5"}}},"s140":{"type":"Strip","lg":{"columns":1,"rows":1,"areas":[["Col1"]],"root":{"minHeight":595},"row0":595,"row0Unit":"px"}},"s187":{"type":"Strip","lg":{"columns":1,"rows":1,"areas":[["Col1"]],"root":{"minHeight":641},"row0":288,"row0Unit":"px"}},"s1":{"type":"Strip","lg":{"columns":1,"rows":1,"areas":[["Col1"]],"root":{"minHeight":3533},"row0":3533,"row0Unit":"px"}}}},"URL":"ft7c9a0fd3297d4d9888b141f74b546120","UserID":235842,"CreatedAt":"2021-02-10T22:06:43.816Z","__v":0,"PublishProps":{"elements":{"s6":{"type":"Strip","props":{"styleRef":"s6","tag":"Hero"},"children":["e7","e8","e9"],"parent":null},"e162":{"type":"FormField","props":{"control":"text","lg":{"value":"","label":"firstname","placeholder":"Text field","variant":"standard","gridArea":"Col1","position":{"left":522,"top":68,"leftUnit":"px","topUnit":"px","right":"","bottom":"","transform":""},"isHidden":false},"styleRef":"e162"},"children":[],"parent":"s140"},"e163":{"type":"FormField","props":{"control":"text","lg":{"value":"","label":"last name","placeholder":"Text field","variant":"standard","gridArea":"Col1","position":{"left":520,"top":162,"leftUnit":"px","topUnit":"px","right":"","bottom":"","transform":""},"isHidden":false},"styleRef":"e163"},"children":[],"parent":"s140"},"e164":{"type":"FormField","props":{"control":"email","lg":{"value":"","label":"Email","placeholder":"Email field","variant":"standard","gridArea":"Col1","position":{"left":520,"top":260,"leftUnit":"px","topUnit":"px","right":"","bottom":"","transform":""},"isHidden":false},"styleRef":"e164"},"children":[],"parent":"s140"},"e166":{"type":"Button","props":{"lg":{"text":"Button","gridArea":"Col1","variant":"primary","position":{"left":521,"top":359,"leftUnit":"px","topUnit":"px","right":"","bottom":"","transform":""},"isHidden":false},"target":"self","customURL":"","type":"redirect","redirect":{"label":"Other","value":"other"},"styleRef":"e166","action":[{"uid":"d824c98b-7057-4b82-936d-ff77dd059f5e","conditions":[],"isAction":false,"actions":{"sfAction":[{"items":[]}],"executeJS":{"0":{"enabled":true,"code":"let fnameval = ftGetValueByID('9bb5f059-c8bd-4da4-9f7e-2611f20ae7e1', 'e162'); \nfnameval += 'TITAN WEB IS REALLY COOL';\n\nftSetValueByID('9bb5f059-c8bd-4da4-9f7e-2611f20ae7e1', 'e163', fnameval);"}}}}]},"children":[],"parent":"s140"},"e188":{"type":"Typography","props":{"lg":{"text":"Subhead","variant":"subhead","gridArea":"Col1","position":{"left":120,"top":41,"leftUnit":"px","topUnit":"px","right":"","bottom":"","transform":""},"isHidden":false},"styleRef":"e188","tag":"Account Name"},"children":[],"parent":"s187"},"e189":{"type":"Typography","props":{"lg":{"text":"Subhead","variant":"subhead","gridArea":"Col1","position":{"left":119,"top":127,"leftUnit":"px","topUnit":"px","right":"","bottom":"","transform":""},"isHidden":false},"styleRef":"e189","tag":"Account Type"},"children":[],"parent":"s187"},"e7":{"type":"Typography","props":{"lg":{"text":"Jump into Ski Experience","variant":"title","gridArea":"Col1","position":{"left":58,"top":138,"leftUnit":"px","topUnit":"px","right":"","bottom":"","transform":""},"isHidden":false},"styleRef":"e7","md":{"position":{"left":96,"top":74,"leftUnit":"px","topUnit":"px","right":"","bottom":"","transform":""},"text":"Jump into<div>Ski Experience</div>"},"sm":{"position":{"left":117,"top":28,"leftUnit":"px","topUnit":"px","right":"","bottom":"","transform":""},"text":"Jump into<div>Ski Experience</div>"},"xs":{"position":{"left":9,"top":25,"leftUnit":"px","topUnit":"px","right":"","bottom":"","transform":""},"text":"Jump into<div>Ski Experience</div>","variant":"h1"},"ss":{"position":{"left":0,"top":55,"leftUnit":"px","topUnit":"px","right":"","bottom":"","transform":""},"text":"Jump into<div>Ski Experience</div>"}},"children":[],"parent":"s6"},"e8":{"type":"Typography","props":{"lg":{"text":"Lorem ipsum dolor sit amet, consectetur adipiscing elit, sed do eiusmod tempor incididunt ut labore et dolore magna aliqua.","variant":"p","gridArea":"Col1","position":{"left":54,"top":315,"leftUnit":"px","topUnit":"px","right":"","bottom":"","transform":""},"isHidden":false},"styleRef":"e8","md":{"position":{"left":96,"top":249,"leftUnit":"px","topUnit":"px","right":"","bottom":"","transform":""},"text":"Lorem ipsum dolor sit amet, consectetur adipiscing elit, sed do eiusmod tempor incididunt ut labore et dolore magna aliqua."},"sm":{"position":{"left":118,"top":215,"leftUnit":"px","topUnit":"px","right":"","bottom":"","transform":""},"text":"Lorem ipsum dolor sit amet, consectetur adipiscing elit, sed do eiusmod tempor incididunt ut labore et dolore magna aliqua."},"xs":{"position":{"left":29,"top":156,"leftUnit":"px","topUnit":"px","right":"","bottom":"","transform":""},"text":"Lorem ipsum dolor sit amet, consectetur adipiscing elit, sed do eiusmod tempor incididunt ut labore et dolore magna aliqua."},"ss":{"position":{"left":19,"top":184,"leftUnit":"px","topUnit":"px","right":"","bottom":"","transform":""},"text":"Lorem ipsum dolor sit amet, consectetur adipiscing elit, sed do eiusmod tempor incididunt ut labore et dolore magna aliqua."}},"children":[],"parent":"s6"},"e9":{"type":"Button","props":{"ss":{"position":{"left":69,"top":328,"leftUnit":"px","topUnit":"px","right":"","bottom":"","transform":"","rightUnit":""}},"styleRef":"e9","target":"self","confirmation":{"title":"Confirmation"},"action":[{"uid":"c2a2c539-e119-4bd8-89bd-1dda26e98e5d","conditions":[],"isAction":false,"actions":{"9bb5f059-c8bd-4da4-9f7e-2611f20ae7e1:e92":[{"elemType":"Typography","type":"hide"},{"elemType":"Typography","type":"runAnimation","animation":{"label":"ShakeX","value":"animate__shakeX"}}],"sfAction":[{"items":[{"label":"#1 Account (get) ","value":"4b8c9f38-6b8e-465f-9e95-bc08e0ffbeae","order":""}],"isParallelLoad":false}],"9bb5f059-c8bd-4da4-9f7e-2611f20ae7e1:e95":[{"elemType":"Widget","type":"runAnimation","animation":{"label":"Flash","value":"animate__flash"}}]}}],"md":{"position":{"left":96,"top":347,"leftUnit":"px","topUnit":"px","right":"","bottom":"","transform":""}},"isConfirmMode":false,"sm":{"position":{"left":292,"top":300,"leftUnit":"px","topUnit":"px","right":"","bottom":"","transform":""}},"type":"redirect","lg":{"text":"Jump","gridArea":"Col1","variant":"primary","position":{"left":56,"top":417,"leftUnit":"px","topUnit":"px","right":"","bottom":"","transform":""},"isHidden":false,"animation":{"delay":"0.2","offset":"200","duration":"3"}},"xs":{"position":{"left":"50","top":308,"leftUnit":"%","topUnit":"px","right":"unset","bottom":"","transform":"translateX(-50%)","rightUnit":""}},"redirect":{"label":"Other","value":"other"},"customURL":""},"children":[],"parent":"s6"},"s140":{"type":"Strip","props":{"styleRef":"s140","isRepeat":false,"isRepeatCol":false,"tag":"contacts_strip"},"children":["e162","e163","e164","e166"],"parent":null},"s187":{"type":"Strip","props":{"styleRef":"s187","isRepeat":true,"isRepeatCol":false,"params":[{"id":"01432a5a-0550-4dee-8b92-dac040078adf","valueType":"static","name":"acc_type_var","value":"","paramType":"static"}]},"children":["e188","e189"],"parent":null},"s1":{"type":"Strip","props":{"styleRef":"s1","tag":"","comment":""},"children":[],"parent":null}},"Grid":["s6","s187","s140","s1"],"styles":{"s6":{"type":"Strip","lg":{"root":{"shadow":[{"color":"rgba(208, 38, 38, 1)"}],"height":"auto","fontWeight":"normal","backgroundRepeat":"no-repeat","backgroundImage":"https://d3255hq6rclyj1.cloudfront.net/5fce4dddab5dd1499aad4511_ftusergal_.jpg","backgroundSize":"auto","fontFamily":"'Lato', sans-serif;","backgroundPosition":"center center","minHeight":600},"columns":1,"rows":1,"areas":[["Col1"]],"isEnableSpread":true,"overlay":{"backgroundColor":"#0000001f","opacity":1},"rootHover":{"shadow":[{"color":"rgba(208, 38, 38, 1)"}],"height":"auto","fontWeight":"normal","backgroundRepeat":"no-repeat","backgroundImage":"https://d3255hq6rclyj1.cloudfront.net/5fce4dddab5dd1499aad4511_ftusergal_.jpg","backgroundSize":"auto","fontFamily":"'Lato', sans-serif;","backgroundPosition":"center center","minHeight":600},"rootActive":{"shadow":[{"color":"rgba(208, 38, 38, 1)"}],"height":"auto","fontWeight":"normal","backgroundRepeat":"no-repeat","backgroundImage":"https://d3255hq6rclyj1.cloudfront.net/5fce4dddab5dd1499aad4511_ftusergal_.jpg","backgroundSize":"auto","fontFamily":"'Lato', sans-serif;","backgroundPosition":"center center","minHeight":600}},"md":{"root":{"shadow":[{"color":"rgba(208, 38, 38, 1)"}],"height":"auto","fontWeight":"normal","backgroundRepeat":"no-repeat","backgroundImage":"https://d3255hq6rclyj1.cloudfront.net/5fce4dddab5dd1499aad4511_ftusergal_.jpg","backgroundSize":"auto","fontFamily":"'Lato', sans-serif;","backgroundPosition":"center center","minHeight":492},"columns":1,"rows":1,"areas":[["Col1"]],"isEnableSpread":true,"overlay":{"backgroundColor":"#0000001f","opacity":1},"rootHover":{"shadow":[{"color":"rgba(208, 38, 38, 1)"}],"height":"auto","fontWeight":"normal","backgroundRepeat":"no-repeat","backgroundImage":"https://d3255hq6rclyj1.cloudfront.net/5fce4dddab5dd1499aad4511_ftusergal_.jpg","backgroundSize":"auto","fontFamily":"'Lato', sans-serif;","backgroundPosition":"center center","minHeight":492},"rootActive":{"shadow":[{"color":"rgba(208, 38, 38, 1)"}],"height":"auto","fontWeight":"normal","backgroundRepeat":"no-repeat","backgroundImage":"https://d3255hq6rclyj1.cloudfront.net/5fce4dddab5dd1499aad4511_ftusergal_.jpg","backgroundSize":"auto","fontFamily":"'Lato', sans-serif;","backgroundPosition":"center center","minHeight":492}},"IsConfiguredDevice":{"md":true,"sm":true,"xs":true,"ss":true,"lg":true},"sm":{"isEnableSpread":true,"root":{"shadow":[{"color":"rgba(208, 38, 38, 1)"}],"height":"auto","fontWeight":"normal","backgroundRepeat":"no-repeat","backgroundImage":"https://d3255hq6rclyj1.cloudfront.net/5fce4dddab5dd1499aad4511_ftusergal_.jpg","backgroundSize":"auto","fontFamily":"'Lato', sans-serif;","backgroundPosition":"center center","minHeight":414},"areas":[["Col1"]],"rootActive":{"shadow":[{"color":"rgba(208, 38, 38, 1)"}],"height":"auto","fontWeight":"normal","backgroundRepeat":"no-repeat","backgroundImage":"https://d3255hq6rclyj1.cloudfront.net/5fce4dddab5dd1499aad4511_ftusergal_.jpg","backgroundSize":"auto","fontFamily":"'Lato', sans-serif;","backgroundPosition":"center center","minHeight":414},"overlay":{"backgroundColor":"#0000001f","opacity":1},"row0":414,"rows":1,"row0Unit":"px","rootHover":{"shadow":[{"color":"rgba(208, 38, 38, 1)"}],"height":"auto","fontWeight":"normal","backgroundRepeat":"no-repeat","backgroundImage":"https://d3255hq6rclyj1.cloudfront.net/5fce4dddab5dd1499aad4511_ftusergal_.jpg","backgroundSize":"auto","fontFamily":"'Lato', sans-serif;","backgroundPosition":"center center","minHeight":414},"columns":"1"},"xs":{"isEnableSpread":false,"root":{"shadow":[{"color":"rgba(208, 38, 38, 1)"}],"height":"auto","fontWeight":"normal","backgroundRepeat":"no-repeat","backgroundImage":"https://d3255hq6rclyj1.cloudfront.net/5fce4dddab5dd1499aad4511_ftusergal_.jpg","backgroundSize":"cover","fontFamily":"'Lato', sans-serif;","backgroundPosition":"top center","minHeight":411},"areas":[["Col1"]],"rootActive":{"shadow":[{"color":"rgba(208, 38, 38, 1)"}],"height":"auto","fontWeight":"normal","backgroundRepeat":"no-repeat","backgroundImage":"https://d3255hq6rclyj1.cloudfront.net/5fce4dddab5dd1499aad4511_ftusergal_.jpg","backgroundSize":"cover","fontFamily":"'Lato', sans-serif;","backgroundPosition":"top center","minHeight":411},"overlay":{"backgroundColor":"#0000001f","opacity":1},"row0":411,"rows":1,"row0Unit":"px","rootHover":{"shadow":[{"color":"rgba(208, 38, 38, 1)"}],"height":"auto","fontWeight":"normal","backgroundRepeat":"no-repeat","backgroundImage":"https://d3255hq6rclyj1.cloudfront.net/5fce4dddab5dd1499aad4511_ftusergal_.jpg","backgroundSize":"cover","fontFamily":"'Lato', sans-serif;","backgroundPosition":"top center","minHeight":411},"columns":"1"},"ss":{"isEnableSpread":false,"root":{"shadow":[{"color":"rgba(208, 38, 38, 1)"}],"height":"auto","fontWeight":"normal","backgroundRepeat":"no-repeat","backgroundImage":"https://d3255hq6rclyj1.cloudfront.net/5fce4dddab5dd1499aad4511_ftusergal_.jpg","backgroundSize":"cover","fontFamily":"'Lato', sans-serif;","backgroundPosition":"top center","minHeight":431},"areas":[["Col1"]],"rootActive":{"shadow":[{"color":"rgba(208, 38, 38, 1)"}],"height":"auto","fontWeight":"normal","backgroundRepeat":"no-repeat","backgroundImage":"https://d3255hq6rclyj1.cloudfront.net/5fce4dddab5dd1499aad4511_ftusergal_.jpg","backgroundSize":"cover","fontFamily":"'Lato', sans-serif;","backgroundPosition":"top center","minHeight":431},"overlay":{"backgroundColor":"#0000001f","opacity":1},"row0":431,"rows":1,"row0Unit":"px","rootHover":{"shadow":[{"color":"rgba(208, 38, 38, 1)"}],"height":"auto","fontWeight":"normal","backgroundRepeat":"no-repeat","backgroundImage":"https://d3255hq6rclyj1.cloudfront.net/5fce4dddab5dd1499aad4511_ftusergal_.jpg","backgroundSize":"cover","fontFamily":"'Lato', sans-serif;","backgroundPosition":"top center","minHeight":431},"columns":"1"}},"e162":{"lg":{"root":{"width":"270","height":"auto"}},"type":"FormField"},"e163":{"lg":{"root":{"width":"270","height":"auto"}},"type":"FormField"},"e164":{"lg":{"root":{"width":"270","height":"auto"}},"type":"FormField"},"e166":{"lg":{"root":{"width":269.5,"height":"42"}},"type":"Button"},"e188":{"lg":{"root":{"width":503,"height":40}},"type":"Typography"},"e189":{"lg":{"root":{"width":503,"height":40}},"type":"Typography"},"e7":{"lg":{"root":{"color":"#ffffffff","width":503,"height":173,"fontWeight":"bold","fontSize":"72px","fontFamily":"'Exo 2', sans-serif;","minWidth":"0","minHeight":173,"lineHeight":"80","letterSpacing":0}},"type":"Typography","IsConfiguredDevice":{"md":true,"sm":true,"xs":true,"ss":true},"md":{"root":{"color":"#ffffffff","width":503,"height":173,"fontWeight":"bold","fontSize":"72px","fontFamily":"'Exo 2', sans-serif;","minWidth":"0","minHeight":173,"lineHeight":"80","letterSpacing":0}},"sm":{"root":{"color":"#ffffffff","width":530.5,"height":173,"fontWeight":"bold","fontSize":"72px","fontFamily":"'Exo 2', sans-serif;","minWidth":"0","textAlign":"center","minHeight":173,"lineHeight":"80","letterSpacing":0}},"xs":{"root":{"color":"#ffffffff","width":341,"height":142,"fontWeight":"bold","fontSize":"46px","fontFamily":"'Exo 2', sans-serif;","minWidth":"0","textAlign":"center","lineHeight":"60","letterSpacing":0}},"ss":{"root":{"color":"#ffffffff","width":316,"height":128,"fontWeight":"bold","fontSize":"46px","fontFamily":"'Exo 2', sans-serif;","minWidth":"0","textAlign":"center","minHeight":128,"lineHeight":59,"letterSpacing":0}}},"e8":{"lg":{"root":{"color":"#ffffffff","width":421,"height":86,"fontWeight":"normal","fontSize":"16px","fontFamily":"'Exo 2', sans-serif;","minWidth":"0","lineHeight":"27","letterSpacing":0}},"type":"Typography","IsConfiguredDevice":{"md":true,"sm":true,"xs":true,"ss":true},"md":{"root":{"color":"#ffffffff","width":421,"height":86,"fontWeight":"normal","fontSize":"16px","fontFamily":"'Exo 2', sans-serif;","minWidth":"0","lineHeight":"27","letterSpacing":0}},"sm":{"root":{"color":"#ffffffff","width":530.5,"height":64,"fontWeight":"normal","fontSize":"16px","fontFamily":"'Exo 2', sans-serif;","minWidth":"0","minHeight":64,"lineHeight":"27","letterSpacing":0}},"xs":{"root":{"color":"#ffffffff","width":300,"height":118,"fontWeight":"normal","fontSize":"16px","fontFamily":"'Exo 2', sans-serif;","minHeight":118,"lineHeight":"27","letterSpacing":0}},"ss":{"root":{"color":"#ffffffff","width":278,"height":118,"fontWeight":"normal","fontSize":"16px","fontFamily":"'Exo 2', sans-serif;","minWidth":"0","minHeight":118,"lineHeight":"27","letterSpacing":0}}},"e9":{"lg":{"root":{"color":"rgba(255, 255, 255, 1)","paddingTop":"0","borderStyle":"solid","width":"178","height":"52","fontWeight":"bold","paddingRight":"0","fontSize":"18px","fontFamily":"'Exo 2', sans-serif;","backgroundColor":"#0091ff","borderColor":"#0293E2","paddingLeft":"0","borderWidth":"0","lineHeight":"30","paddingBottom":"0","letterSpacing":0,"borderRadius":"5"},"rootHover":{"color":"rgba(255, 255, 255, 1)","paddingTop":"0","borderStyle":"solid","width":"178","height":"52","fontWeight":"bold","paddingRight":"0","fontSize":"18px","fontFamily":"'Exo 2', sans-serif;","backgroundColor":"#0091ff","borderColor":"#0293E2","paddingLeft":"0","borderWidth":"0","lineHeight":"30","paddingBottom":"0","letterSpacing":0,"borderRadius":"5"},"rootActive":{"color":"rgba(255, 255, 255, 1)","paddingTop":"0","borderStyle":"solid","width":"178","height":"52","fontWeight":"bold","paddingRight":"0","fontSize":"18px","fontFamily":"'Exo 2', sans-serif;","backgroundColor":"#0091ff","borderColor":"#0293E2","paddingLeft":"0","borderWidth":"0","lineHeight":"30","paddingBottom":"0","letterSpacing":0,"borderRadius":"5"}},"type":"Button","IsConfiguredDevice":{"md":true,"sm":true,"xs":true,"ss":true},"md":{"root":{"color":"rgba(255, 255, 255, 1)","paddingTop":"0","borderStyle":"solid","width":"178","height":"52","fontWeight":"bold","paddingRight":"0","fontSize":"18px","fontFamily":"'Exo 2', sans-serif;","backgroundColor":"#0091ff","borderColor":"#0293E2","paddingLeft":"0","borderWidth":"0","lineHeight":"30","paddingBottom":"0","letterSpacing":0,"borderRadius":"5"},"rootHover":{"color":"rgba(255, 255, 255, 1)","paddingTop":"0","borderStyle":"solid","width":"178","height":"52","fontWeight":"bold","paddingRight":"0","fontSize":"18px","fontFamily":"'Exo 2', sans-serif;","backgroundColor":"#0091ff","borderColor":"#0293E2","paddingLeft":"0","borderWidth":"0","lineHeight":"30","paddingBottom":"0","letterSpacing":0,"borderRadius":"5"},"rootActive":{"color":"rgba(255, 255, 255, 1)","paddingTop":"0","borderStyle":"solid","width":"178","height":"52","fontWeight":"bold","paddingRight":"0","fontSize":"18px","fontFamily":"'Exo 2', sans-serif;","backgroundColor":"#0091ff","borderColor":"#0293E2","paddingLeft":"0","borderWidth":"0","lineHeight":"30","paddingBottom":"0","letterSpacing":0,"borderRadius":"5"}},"sm":{"root":{"color":"rgba(255, 255, 255, 1)","paddingTop":"0","borderStyle":"solid","width":"178","height":"52","fontWeight":"bold","paddingRight":"0","fontSize":"18px","fontFamily":"'Exo 2', sans-serif;","backgroundColor":"#0091ff","borderColor":"#0293E2","paddingLeft":"0","borderWidth":"0","lineHeight":"30","paddingBottom":"0","letterSpacing":0,"borderRadius":"5"},"rootHover":{"color":"rgba(255, 255, 255, 1)","paddingTop":"0","borderStyle":"solid","width":"178","height":"52","fontWeight":"bold","paddingRight":"0","fontSize":"18px","fontFamily":"'Exo 2', sans-serif;","backgroundColor":"#0091ff","borderColor":"#0293E2","paddingLeft":"0","borderWidth":"0","lineHeight":"30","paddingBottom":"0","letterSpacing":0,"borderRadius":"5"},"rootActive":{"color":"rgba(255, 255, 255, 1)","paddingTop":"0","borderStyle":"solid","width":"178","height":"52","fontWeight":"bold","paddingRight":"0","fontSize":"18px","fontFamily":"'Exo 2', sans-serif;","backgroundColor":"#0091ff","borderColor":"#0293E2","paddingLeft":"0","borderWidth":"0","lineHeight":"30","paddingBottom":"0","letterSpacing":0,"borderRadius":"5"}},"xs":{"root":{"color":"rgba(255, 255, 255, 1)","paddingTop":"0","borderStyle":"solid","width":"178","height":"52","fontWeight":"bold","paddingRight":"0","fontSize":"18px","fontFamily":"'Exo 2', sans-serif;","backgroundColor":"#0091ff","borderColor":"#0293E2","paddingLeft":"0","borderWidth":"0","lineHeight":"30","paddingBottom":"0","letterSpacing":0,"borderRadius":"5"},"rootHover":{"color":"rgba(255, 255, 255, 1)","paddingTop":"0","borderStyle":"solid","width":"178","height":"52","fontWeight":"bold","paddingRight":"0","fontSize":"18px","fontFamily":"'Exo 2', sans-serif;","backgroundColor":"#0091ff","borderColor":"#0293E2","paddingLeft":"0","borderWidth":"0","lineHeight":"30","paddingBottom":"0","letterSpacing":0,"borderRadius":"5"},"rootActive":{"color":"rgba(255, 255, 255, 1)","paddingTop":"0","borderStyle":"solid","width":"178","height":"52","fontWeight":"bold","paddingRight":"0","fontSize":"18px","fontFamily":"'Exo 2', sans-serif;","backgroundColor":"#0091ff","borderColor":"#0293E2","paddingLeft":"0","borderWidth":"0","lineHeight":"30","paddingBottom":"0","letterSpacing":0,"borderRadius":"5"}},"ss":{"root":{"color":"rgba(255, 255, 255, 1)","paddingTop":"0","borderStyle":"solid","width":"178","height":"52","fontWeight":"bold","paddingRight":"0","fontSize":"18px","fontFamily":"'Exo 2', sans-serif;","backgroundColor":"#0091ff","borderColor":"#0293E2","paddingLeft":"0","borderWidth":"0","lineHeight":"30","paddingBottom":"0","letterSpacing":0,"borderRadius":"5"},"rootHover":{"color":"rgba(255, 255, 255, 1)","paddingTop":"0","borderStyle":"solid","width":"178","height":"52","fontWeight":"bold","paddingRight":"0","fontSize":"18px","fontFamily":"'Exo 2', sans-serif;","backgroundColor":"#0091ff","borderColor":"#0293E2","paddingLeft":"0","borderWidth":"0","lineHeight":"30","paddingBottom":"0","letterSpacing":0,"borderRadius":"5"},"rootActive":{"color":"rgba(255, 255, 255, 1)","paddingTop":"0","borderStyle":"solid","width":"178","height":"52","fontWeight":"bold","paddingRight":"0","fontSize":"18px","fontFamily":"'Exo 2', sans-serif;","backgroundColor":"#0091ff","borderColor":"#0293E2","paddingLeft":"0","borderWidth":"0","lineHeight":"30","paddingBottom":"0","letterSpacing":0,"borderRadius":"5"}}},"s140":{"type":"Strip","lg":{"columns":1,"rows":1,"areas":[["Col1"]],"root":{"minHeight":595},"row0":595,"row0Unit":"px"}},"s187":{"type":"Strip","lg":{"columns":1,"rows":1,"areas":[["Col1"]],"root":{"minHeight":288},"row0":288,"row0Unit":"px"}},"s1":{"type":"Strip","lg":{"columns":1,"rows":1,"areas":[["Col1"]],"root":{"minHeight":3533},"row0":3533,"row0Unit":"px"}}}}}