{"IsDeleted":false,"Description":"","IsDisabled":false,"isPublic":true,"Version":0,"_id":"602458f3d91dc20a40be1273","Name":"Mange Version With GitHub","Settings":{"styles":{"Header":{"type":"Header"},"Footer":{"type":"Footer","lg":{"type":"Footer","columns":1,"rows":1,"areas":[["a"]]}},"Drawer":{"type":"Drawer"},"SmartVLoginPage":{"type":"SmartVLoginPage"},"SmartVSignUpPage":{"type":"SmartVSignUpPage"},"SmartVVerificationPage":{"type":"SmartVVerificationPage"}},"theme":{"primaryColor":"#0091ff","primary":"rgba(130,229,229, 1)","color":"rgba(127,127,127, 1)","page404":{"elements":{"f0f25d44-e2f5-4422-b0ff-9e7d04b27d23":{"type":"Strip","props":{"styleRef":"f0f25d44-e2f5-4422-b0ff-9e7d04b27d23"},"children":["4b2424a1-4503-4178-bab7-e6a2006bd72b"],"parent":null},"4b2424a1-4503-4178-bab7-e6a2006bd72b":{"type":"Image","props":{"lg":{"src":"https://d3255hq6rclyj1.cloudfront.net/5fb4d90832a3003d6cde2e7d_ftusergal_.png","alt":"","gridArea":"Col1","position":{"left":222,"top":77,"leftUnit":"px","topUnit":"px","right":"","bottom":"","transform":""}},"styleRef":"4b2424a1-4503-4178-bab7-e6a2006bd72b"},"children":[],"parent":"f0f25d44-e2f5-4422-b0ff-9e7d04b27d23"}},"Grid":["f0f25d44-e2f5-4422-b0ff-9e7d04b27d23"],"styles":{"f0f25d44-e2f5-4422-b0ff-9e7d04b27d23":{"type":"Strip","lg":{"columns":1,"rows":1,"areas":[["Col1"]],"root":{"minHeight":647,"minHeightUnit":"px"},"row0":647,"row0Unit":"px"}},"ec2db18b-0fbf-4f37-b80a-deef5b072557":{"lg":{"root":{"width":"270","height":120,"widthUnit":"px","heightUnit":"px"}},"type":"Typography","isHidden":{"lg":false}},"29f41dc3-747f-46fb-8b98-1955fd992616":{"lg":{"root":{"maxWidth":"","width":389,"maxWidthUnit":"px","height":211,"widthUnit":"px","heightUnit":"px","maxHeight":"","maxHeightUnit":"px","minWidth":389,"minWidthUnit":"px","minHeight":211,"minHeightUnit":"px"}},"type":"Section","isHidden":{"lg":false}},"4b2424a1-4503-4178-bab7-e6a2006bd72b":{"lg":{"root":{"maxWidth":"","width":753,"maxWidthUnit":"px","height":467,"widthUnit":"px","heightUnit":"px","maxHeight":"","maxHeightUnit":"px","minWidth":753,"minWidthUnit":"px","minHeight":467,"minHeightUnit":"px"}},"type":"Image","isHidden":{"lg":false}}}},"secondaryContrastColor":"#0091ff","secondaryColor":"#fff","fontFamily":"'Cormorant', serif;","secondary":"rgba(25,196,203, 1)","backgroundColor":"rgba(0,112,115, 1)","FormField":{"all":{"primary":"rgba(25,196,203, 1)","label":{"fontFamily":"'Cormorant', serif;","fontWeight":"normal","fontSize":"16px"},"labelColor":"","labelShrink":{"fontFamily":"'Cormorant', serif;","fontWeight":"normal","fontSize":"14px"},"labelColorShrink":"rgba(25,196,203, 1)","input":{"fontFamily":"'Cormorant', serif;","fontWeight":"normal","fontSize":"16px"},"text":""},"upload":{"icon":"#2ad2d296","textVariant":"filled","filled":"#ffffffff"},"buttongroup":{"filledBtnColor":"#82e5e5ff","input":{"fontFamily":"'Cormorant', serif;","fontWeight":"normal","fontSize":"14px"},"text":"#ffffffff"},"signature":{"borderColor":"#dde0cdff","borderWidth":"1","line":"#00bfc0ff"},"multiSelect":{"chipFill":"#00bfc0ff","chipIconColor":"#fdfdfdff","inputItem":{"fontFamily":"'Cormorant', serif;","fontWeight":"normal","fontSize":"14px"},"textItem":"#ffffffff","input":{"fontFamily":"'Cormorant', serif;","fontWeight":"normal","fontSize":"16px"},"text":"rgba(127,127,127, 1)"}},"_id":"5fc10f2b4de7542ebe0cdd96","Type":"ThemeTemplate","lg":{"YouTube":{"root":{"position":"absolute","fontFamily":"'Cormorant', serif;","fontSize":"","fontWeight":"normal","width":"300","height":"180","color":"#7f7f7fff"}},"form":{"successMsgRoot":{"fontFamily":"'Cormorant', serif;","fontSize":"","fontWeight":"normal","color":"#7f7f7fff"},"root":{"color":"#7f7f7fff","borderStyle":"solid","width":"300","height":"200","fontWeight":"normal","position":"absolute","widthUnit":"px","heightUnit":"px","fontSize":"","fontFamily":"'Cormorant', serif;","borderColor":"#dde0cdff","minHeight":"unset","borderWidth":"1","minHeightUnit":"%"},"errorMsgText":{"fontFamily":"'Cormorant', serif;","fontSize":"14px","lineHeight":"18","letterSpacing":0,"fontWeight":"normal","color":"#7f7f7fff"},"buttonHover":{"color":"#ffffffff","backgroundColor":"#00dbdbff"},"errorMsgButton":{"color":"#ffffffff","borderStyle":"solid","fontWeight":"bold","fontSize":"16px","fontFamily":"'Cormorant', serif;","backgroundColor":"#00dbdbff","borderWidth":"0","lineHeight":"22","letterSpacing":0,"borderRadius":14},"successMsgText":{"fontFamily":"'Cormorant', serif;","fontSize":"14px","lineHeight":"18","letterSpacing":0,"fontWeight":"normal","color":"#7f7f7fff"},"successMsgButtonHover":{"fontFamily":"'Cormorant', serif;"},"underline":{"borderColor":"#b7b7b7ff","borderWidth":"1","activeBorderColor":"#679F30","activeBorderWidth":"1","fontFamily":"'Cormorant', serif;"},"header":{"fontFamily":"'Cormorant', serif;","fontSize":"30px","lineHeight":"50","letterSpacing":0,"fontWeight":"normal","color":"#7f7f7fff"},"scroll":{"color":"#7f7f7fff","borderStyle":"solid","thumbImage":"","width":"10","fontWeight":"normal","fontFamily":"'Cormorant', serif;","borderColor":"#b9b8b8ff","borderWidth":"1","scrollBarColor":"#f3f4ebff","borderRadius":"2"},"headerDescription":{"fontFamily":"'Cormorant', serif;","fontSize":"16px","lineHeight":"22","letterSpacing":0,"fontWeight":"normal","color":"#7f7f7fff"},"successMsgButton":{"color":"#ffffffff","borderStyle":"solid","fontWeight":"bold","fontSize":"16px","fontFamily":"'Cormorant', serif;","backgroundColor":"#00dbdbff","borderWidth":"0","lineHeight":"22","letterSpacing":0,"borderRadius":14},"errorMsgButtonHover":{"fontFamily":"'Cormorant', serif;"},"errorMsgButtonActive":{"fontFamily":"'Cormorant', serif;"},"errorMsgicon":{"fontFamily":"'Cormorant', serif;","fontSize":"","fontWeight":"normal","color":"#7f7f7fff","backgroundColor":"#e4e0e0ff"},"button":{"color":"#ffffffff","borderStyle":"solid","width":"150","marginTop":"10","height":"40","fontWeight":"normal","fontSize":"16px","fontFamily":"'Cormorant', serif;","backgroundColor":"#00dbdbff","borderWidth":"0","lineHeight":"22","letterSpacing":0,"borderRadius":"20"},"errorMsgIconRoot":{"fontFamily":"'Cormorant', serif;","fontSize":"","fontWeight":"normal","color":"#7f7f7fff"},"label":{"fontFamily":"'Cormorant', serif;","fontSize":"16px","lineHeight":"18","letterSpacing":0,"fontWeight":"normal","color":"#7f7f7fff"},"successMsgButtonActive":{"fontFamily":"'Cormorant', serif;"},"successMsgicon":{"fontFamily":"'Cormorant', serif;","fontSize":"","fontWeight":"normal","color":"#ffffffff","backgroundColor":"#00dbdbff"},"buttonActive":{"color":"#ffffffff","backgroundColor":"#00dbdbff"},"floatLabel":{"fontFamily":"'Cormorant', serif;","fontSize":"16px","lineHeight":"18","letterSpacing":0,"fontWeight":"normal","color":"#7f7f7fff"},"successMsgIconRoot":{"fontFamily":"'Cormorant', serif;","fontSize":"","fontWeight":"normal","color":"#7f7f7fff"},"successMsgTitle":{"fontFamily":"'Cormorant', serif;","fontSize":"18px","lineHeight":"23","letterSpacing":0,"fontWeight":"normal","color":"#7f7f7fff"},"errorMsgRoot":{"fontFamily":"'Cormorant', serif;","fontSize":"","fontWeight":"normal","color":"#7f7f7fff"},"element":{"fontFamily":"'Cormorant', serif;","fontSize":"16px","lineHeight":"20","letterSpacing":0,"fontWeight":"normal","color":"#7f7f7fff"},"errorMsgTitle":{"fontFamily":"'Cormorant', serif;","fontSize":"18px","lineHeight":"23","letterSpacing":0,"fontWeight":"normal","color":"#7f7f7fff"}},"Vimeo":{"root":{"position":"absolute","fontFamily":"'Cormorant', serif;","fontSize":"","fontWeight":"normal","width":"300","height":"180","color":"#7f7f7fff"}},"Svg":{"root":{"fill":"#dde0cdff","color":"#7f7f7fff","width":"60","height":"50","fontWeight":"normal","position":"absolute","strokeWidth":"","fontSize":"","fontFamily":"'Cormorant', serif;","stroke":""},"element":{"fontFamily":"'Cormorant', serif;","fontSize":"","fontWeight":"normal","color":"#7f7f7fff"},"shape":{"fill":"#ffffff00","color":"#7f7f7fff","width":"60","height":"50","fontWeight":"normal","strokeWidth":"2","fontSize":"","fontFamily":"'Cormorant', serif;","stroke":"#007073"},"icon":{"fill":"#007073","color":"#7f7f7fff","width":"60","height":"50","fontWeight":"normal","strokeWidth":"","fontSize":"","fontFamily":"'Cormorant', serif;","stroke":""}},"Widget":{"root":{"position":"absolute","width":"100","widthUnit":"%","minHeight":"unset","minHeightUnit":"%","height":"100","heightUnit":"%"}},"iframe":{"root":{"borderStyle":"solid","width":"200","height":"200","position":"absolute","widthUnit":"px","heightUnit":"px","borderColor":"#c9c9c9ff","minHeight":"unset","borderWidth":"1","minHeightUnit":"%"}},"CustomLoader":{"loader":{"backgroundImage":"https://d34n0xw2ofs24w.cloudfront.net/animationpreloaders/animation_13.gif","height":"100","width":"100"}},"Section":{"root":{"color":"#7f7f7fff","borderStyle":"dashed","width":"200","height":"200","fontWeight":"normal","position":"absolute","fontSize":"","fontFamily":"'Cormorant', serif;","borderColor":"#c9c9c9ff","borderWidth":"2"}},"Search":{"root":{"shadow":[],"color":"#7f7f7fff","borderStyle":"solid","width":"205","height":"32","fontWeight":"normal","position":"absolute","fontSize":"16px","fontFamily":"'Cormorant', serif;","backgroundColor":"#ffffffff","borderColor":"#b7b7b7ff","textAlign":"left","paddingLeft":"15","borderWidth":"1","lineHeight":"27","letterSpacing":0,"borderRadius":"10"},"clear":{"fontFamily":"'Cormorant', serif;"},"divider":{"fontFamily":"'Cormorant', serif;"},"search":{"fontFamily":"'Cormorant', serif;"}},"Stack":{"root":{"color":"#7f7f7fff","borderStyle":"dashed","width":"200","height":"200","fontWeight":"normal","position":"absolute","fontSize":"","fontFamily":"'Cormorant', serif;","borderColor":"#c9c9c9ff","borderWidth":"2"}},"SmartVLoginPage":{"root":{"fontFamily":"'Cormorant', serif;","fontSize":"","backgroundColor":"#ffffffff","fontWeight":"normal","color":"#7f7f7fff"},"buttonContinueHover":{"borderStyle":"solid","borderRadius":"14"},"bottomLink":{"fontFamily":"'Cormorant', serif;","fontSize":"16px","color":"#7f7f7fff","lineHeight":"18","letterSpacing":0,"fontWeight":"normal"},"page":{"fontFamily":"'Cormorant', serif;","fontSize":"","fontWeight":"normal","color":"#7f7f7fff","backgroundColor":"#efefe2ff"},"fieldInput":{"fontFamily":"'Cormorant', serif;","fontSize":"18px","lineHeight":"22","letterSpacing":0,"fontWeight":"normal","color":"#7f7f7fff"},"bottomText":{"fontFamily":"'Cormorant', serif;","fontSize":"18px","lineHeight":"22","letterSpacing":0,"color":"#7f7f7fff","fontWeight":"normal"},"title":{"fontFamily":"'Cormorant', serif;","fontSize":"46px","letterSpacing":0,"lineHeight":"56","color":"#7f7f7fff","fontWeight":"normal"},"buttonContinue":{"fontFamily":"'Cormorant', serif;","fontSize":"","fontWeight":"normal","color":"#ffffffff","backgroundColor":"#00dbdbff","borderStyle":"solid","borderRadius":"14"},"fieldLabel":{"fontFamily":"'Cormorant', serif;","fontSize":"14px","letterSpacing":0,"lineHeight":"16","color":"#7f7f7fff","fontWeight":"normal"},"description":{"fontFamily":"'Cormorant', serif;","fontSize":"16px","lineHeight":"27","letterSpacing":0,"color":"#7f7f7fff","fontWeight":"normal"},"buttonContinueActive":{"borderStyle":"solid","borderRadius":"14"}},"SmartVProfilePage":{"root":{"fontFamily":"'Cormorant', serif;","fontSize":"","fontWeight":"normal","color":"#7f7f7fff"},"buttonContinueHover":{"backgroundColor":"#00dbdbff","borderStyle":"solid","borderRadius":14},"page":{"fontFamily":"'Cormorant', serif;","fontSize":"","fontWeight":"normal","color":"#7f7f7fff","backgroundColor":"#efefe2ff"},"fieldInput":{"fontFamily":"'Cormorant', serif;","fontSize":"18px","lineHeight":"22","letterSpacing":0,"color":"#7f7f7fff","fontWeight":"normal","backgroundColor":"#dde0cdff"},"title":{"fontFamily":"'Cormorant', serif;","fontSize":"46px","lineHeight":"56","letterSpacing":0,"fontWeight":"normal","color":"#7f7f7fff"},"buttonContinue":{"color":"#ffffffff","borderStyle":"solid","fontWeight":"normal","fontSize":"18px","fontFamily":"'Cormorant', serif;","backgroundColor":"#00dbdbff","lineHeight":"22","letterSpacing":0,"borderRadius":14},"fieldLabel":{"fontFamily":"'Cormorant', serif;","fontSize":"14px","lineHeight":"16","letterSpacing":0,"color":"#7f7f7fff","fontWeight":"normal"},"description":{"fontFamily":"'Cormorant', serif;","fontSize":"16px","lineHeight":"24","letterSpacing":0,"fontWeight":"normal","color":"#7f7f7fff"},"buttonContinueActive":{"backgroundColor":"#00dbdbff","borderStyle":"solid","borderRadius":14}},"Header":{"root":{"position":"relative","fontFamily":"'Cormorant', serif;","fontSize":"","backgroundColor":"#19c4cbff","background":"","fontWeight":"normal","color":"#7f7f7fff"},"profileIcon":{"fontFamily":"'Cormorant', serif;","fontSize":"","marginRight":"20","width":"25","height":"25","marginLeft":"6","fontWeight":"normal","color":"#7f7f7fff"},"profileMenuLink":{"fontFamily":"'Cormorant', serif;","fontSize":"","fontWeight":"normal","color":"#7f7f7fff"},"profileLink":{"fontFamily":"'Cormorant', serif;","fontSize":"","marginRight":"","textAlign":"right","fontWeight":"normal","color":"#ffffffff"},"profileMenu":{"fontFamily":"'Cormorant', serif;","fontSize":"","fontWeight":"normal","color":"#7f7f7fff"},"logo":{"fontFamily":"'Cormorant', serif;","fontSize":"","fontWeight":"normal","color":"#7f7f7fff"},"title":{"fontFamily":"'Cormorant', serif;","fontSize":"22px","lineHeight":"24","color":"#ffffffff","marginRight":"30","fontWeight":"normal","backgroundColor":""},"link":{"fontFamily":"'Cormorant', serif;","fontSize":"","paddingLeft":"10","paddingRight":"10","fontWeight":"normal","color":"#fbfbfbff"},"signInLink":{"fontFamily":"'Cormorant', serif;","fontSize":"","marginRight":"20","fontWeight":"normal","color":"#ffffffff"}},"table":{"col":{"fontFamily":"'Cormorant', serif;","fontSize":"","paddingTop":"0","paddingBottom":"0","fontWeight":"normal","color":"#7f7f7fff"},"root":{"color":"#7f7f7fff","borderStyle":"solid","width":"300","height":"200","fontWeight":"normal","position":"absolute","widthUnit":"px","heightUnit":"px","fontSize":"","fontFamily":"'Cormorant', serif;","backgroundColor":"#ffffffff","borderColor":"#dde0cdff","minHeight":"unset","borderWidth":"1","minHeightUnit":"%","borderRadius":""},"tra":{"color":"#7f7f7fff","height":"30","fontWeight":"normal","fontSize":"16px","fontFamily":"'Cormorant', serif;","backgroundColor":"#f3f4ebff","textAlign":"left","lineHeight":"22","letterSpacing":0},"summary":{"color":"#7f7f7fff","borderStyle":"solid","height":"35","fontWeight":"normal","fontSize":"16px","fontFamily":"'Cormorant', serif;","backgroundColor":"#dde0cdff","borderColor":"","paddingLeft":"20","borderWidth":"0","lineHeight":"22","letterSpacing":0,"textDecoration":""},"gbf":{"fontFamily":"'Cormorant', serif;","fontWeight":"normal","fontSize":"14px","textAlign":"center","lineHeight":"22","letterSpacing":0,"color":"#7f7f7fff"},"header":{"fontFamily":"'Cormorant', serif;","fontSize":"30px","lineHeight":"50","letterSpacing":0,"fontWeight":"normal","color":"#7f7f7fff"},"scroll":{"color":"#7f7f7fff","borderStyle":"solid","thumbImage":"linear-gradient(90deg, rgb(174, 233, 236) 0%,rgb(50, 189, 187) 100%)","width":"10","fontWeight":"normal","fontFamily":"'Cormorant', serif;","borderColor":"#b7b7b7ff","borderWidth":"1","scrollBarColor":"#f3f4ebff","borderRadius":"2"},"headerDescription":{"fontFamily":"'Cormorant', serif;","fontSize":"16px","lineHeight":"22","letterSpacing":0,"fontWeight":"normal","color":"#7f7f7fff"},"gbl":{"fontFamily":"'Cormorant', serif;","fontWeight":"normal","lineHeight":"20","letterSpacing":0,"textAlign":"left","fontSize":"14px","color":"#7f7f7fff"},"button":{"fontFamily":"'Cormorant', serif;","fontSize":"16px","fontWeight":"normal","lineHeight":"22","letterSpacing":0,"color":"#7f7f7fff"},"th":{"color":"#ffffffff","borderStyle":"solid","height":"50","fontWeight":"bold","background":"","fontSize":"16px","fontFamily":"'Cormorant', serif;","backgroundColor":"#2ad2d296","textAlign":"left","borderWidth":"0","lineHeight":"30","letterSpacing":0,"borderRadius":"0"},"icon":{"fontFamily":"'Cormorant', serif;","fontSize":"","fontWeight":"normal","color":"#7f7f7fff"},"row":{"color":"#7f7f7fff","paddingTop":"","height":"40","fontWeight":"normal","fontSize":"16px","fontFamily":"'Cormorant', serif;","backgroundColor":"#ffffffff","textAlign":"left","lineHeight":"22","paddingBottom":"","letterSpacing":0}},"Typography":{"root":{"position":"absolute","fontFamily":"'Cormorant', serif;","color":"#7f7f7fff","fontSize":"","backgroundColor":"","fontWeight":"normal"},"title":{"fontSize":"72px","fontFamily":"'Cormorant', serif;","color":"#7f7f7fff","fontWeight":"bold","lineHeight":"120","letterSpacing":0,"backgroundColor":""},"h1":{"fontSize":"46px","fontFamily":"'Cormorant', serif;","color":"#7f7f7fff","fontWeight":"bold","lineHeight":"77","letterSpacing":0,"backgroundColor":""},"subhead":{"fontSize":"24px","fontFamily":"'Cormorant', serif;","color":"#7f7f7fff","fontWeight":"bold","letterSpacing":0,"lineHeight":"40","backgroundColor":""},"p":{"fontSize":"16px","fontFamily":"'Cormorant', serif;","color":"#7f7f7fff","lineHeight":"27","letterSpacing":0,"backgroundColor":"","fontWeight":"normal"},"caption":{"fontSize":"14px","fontFamily":"'Cormorant', serif;","color":"#7f7f7fff","lineHeight":"23","letterSpacing":0,"backgroundColor":"","fontWeight":"normal"},"text":{"fontFamily":"'Cormorant', serif;","fontSize":"","fontWeight":"normal","color":"#7f7f7fff"},"link":{"fontWeight":"normal","color":"#7f7f7fff","fontFamily":"'Cormorant', serif;"}},"Page":{"root":{"overflow":"visible","color":"#7f7f7fff","fontFamily":"'Cormorant', serif;"},"60245f30d91dc20a40be1285":{"width":1367,"widthUnit":"px"}},"Window":{"root":{"backgroundColor":"#ffffffff"}},"titanForm":{"root":{"position":"absolute","fontFamily":"'Cormorant', serif;","fontSize":"","fontWeight":"normal","color":"#7f7f7fff"}},"Drawer":{"hamburgerIcon":{"fontFamily":"'Cormorant', serif;","fontSize":"","fontWeight":"normal","color":"#f7f7f7ff","backgroundColor":""},"root":{"fontFamily":"'Cormorant', serif;","fontSize":"","backgroundColor":"#00dbdbff","background":"","fontWeight":"normal","color":"#7f7f7fff"},"linkHover":{"backgroundColor":""},"logo":{"fontFamily":"'Cormorant', serif;","fontSize":"","fontWeight":"normal","color":"#7f7f7fff"},"closeIcon":{"fontFamily":"'Cormorant', serif;","fontSize":"","fontWeight":"normal","color":"#7f7f7fff"},"lightbox":{"backgroundColor":"#ffffffff","fontWeight":"normal","color":"#7f7f7fff","fontFamily":"'Cormorant', serif;"},"title":{"color":"#7f7f7fff","marginTop":"","fontWeight":"normal","fontSize":"18px","fontFamily":"'Cormorant', serif;","marginLeft":"10","backgroundColor":"","marginBottom":"10","lineHeight":"22","letterSpacing":0},"icon":{"fontFamily":"'Cormorant', serif;","fontSize":"20px","fontWeight":"normal","color":"#6b6b6bff"},"link":{"fontFamily":"'Cormorant', serif;","fontSize":"18px","lineHeight":"22","letterSpacing":0,"marginRight":"10","fontWeight":"normal","color":"#7f7f7fff"}},"ItemList":{"root":{"position":"absolute","fontFamily":"'Cormorant', serif;","fontSize":"","fontWeight":"normal","color":"#7f7f7fff"},"Item":{"color":"#ffffffff","paddingTop":"10","height":"","fontWeight":"normal","paddingRight":"20","fontSize":"16px","fontFamily":"'Cormorant', serif;","backgroundColor":"#19c4cb9e","textAlign":"center","paddingLeft":"20","lineHeight":"22","paddingBottom":"10","letterSpacing":0},"ItemHover":{"paddingTop":"10","fontWeight":"normal","paddingRight":"20","fontSize":"16px","backgroundColor":"rgba(25,196,203, 1)","textAlign":"center","paddingLeft":"20","lineHeight":"22","paddingBottom":"10","letterSpacing":0},"ItemActive":{"paddingTop":"10","fontWeight":"normal","paddingRight":"20","fontSize":"16px","backgroundColor":"rgba(25,196,203, 1)","textAlign":"center","paddingLeft":"20","lineHeight":"22","paddingBottom":"10","letterSpacing":0}},"galleryCarousel":{"root":{"color":"#7f7f7fff","borderStyle":"solid","width":"700","height":"400","fontWeight":"normal","position":"absolute","widthUnit":"px","heightUnit":"px","fontSize":"","fontFamily":"'Cormorant', serif;","minHeight":"unset","borderWidth":"0","minHeightUnit":"%","borderRadius":"0"},"header":{"fontFamily":"'Cormorant', serif;","fontSize":"30px","lineHeight":"50","letterSpacing":0,"fontWeight":"normal","color":"#7f7f7fff"},"headerDescription":{"fontFamily":"'Cormorant', serif;","fontSize":"16px","lineHeight":"22","letterSpacing":0,"fontWeight":"normal","color":"#7f7f7fff"},"original":{"width":"505","height":"336","fontWeight":"normal","color":"#7f7f7fff","fontFamily":"'Cormorant', serif;"},"thumbnail":{"width":"160","height":"100","fontWeight":"normal","borderColor":"#fdfdfdff","borderStyle":"solid","borderWidth":"3","color":"#7f7f7fff","fontFamily":"'Cormorant', serif;"},"thumbnailActive":{"width":"160","height":"100","fontWeight":"normal","borderColor":"#68beffff","borderStyle":"solid","borderWidth":"3","color":"#7f7f7fff","fontFamily":"'Cormorant', serif;"}},"Button":{"root":{"color":"#7f7f7fff","borderStyle":"solid","width":"178","height":"42","fontWeight":"normal","position":"absolute","fontSize":"","fontFamily":"'Cormorant', serif;","borderColor":"#0091ffff","borderWidth":"1","borderRadius":26},"primary":{"color":"#ffffffff","paddingTop":"0","borderStyle":"solid","width":"178","height":"42","fontWeight":"normal","paddingRight":"0","fontSize":"18px","fontFamily":"'Cormorant', serif;","backgroundColor":"#19c4cb9e","borderColor":"#00dbdbff","paddingLeft":"0","borderWidth":"1","lineHeight":"30","paddingBottom":"0","letterSpacing":0,"borderRadius":26},"secondaryHover":{"color":"rgba(25,196,203, 1)","paddingTop":"0","borderStyle":"solid","width":"178","height":"42","fontWeight":"normal","paddingRight":"0","fontSize":"18px","fontFamily":"'Cormorant', serif;","backgroundColor":"#ffffffff","borderColor":"#00dbdbff","paddingLeft":"0","borderWidth":"1","lineHeight":"30","paddingBottom":"0","letterSpacing":0,"borderRadius":"26"},"rootActive":{"borderStyle":"solid","borderRadius":"14","fontFamily":"'Cormorant', serif;"},"primaryActive":{"color":"#ffffffff","paddingTop":"0","borderStyle":"solid","width":"178","height":"42","fontWeight":"normal","paddingRight":"0","fontSize":"18px","fontFamily":"'Cormorant', serif;","backgroundColor":"#00dbdbff","borderColor":"#00dbdbff","paddingLeft":"0","borderWidth":"1","lineHeight":"30","paddingBottom":"0","letterSpacing":0,"borderRadius":"26"},"button":{"fontFamily":"'Cormorant', serif;","fontSize":"","fontWeight":"normal","color":"#7f7f7fff"},"secondary":{"color":"rgba(25,196,203, 1)","paddingTop":"0","borderStyle":"solid","width":"178","height":"42","fontWeight":"normal","paddingRight":"0","fontSize":"18px","fontFamily":"'Cormorant', serif;","backgroundColor":"#ffffffff","borderColor":"#00dbdbff","paddingLeft":"0","borderWidth":"1","lineHeight":"30","paddingBottom":"0","letterSpacing":0,"borderRadius":26},"primaryHover":{"color":"#ffffffff","paddingTop":"0","borderStyle":"solid","width":"178","height":"42","fontWeight":"normal","paddingRight":"0","fontSize":"18px","fontFamily":"'Cormorant', serif;","backgroundColor":"#00dbdbff","borderColor":"#00dbdbff","paddingLeft":"0","borderWidth":"1","lineHeight":"30","paddingBottom":"0","letterSpacing":0,"borderRadius":"26"},"rootHover":{"borderStyle":"solid","borderRadius":"14","fontFamily":"'Cormorant', serif;"},"secondaryActive":{"color":"rgba(25,196,203, 1)","paddingTop":"0","borderStyle":"solid","width":"178","height":"42","fontWeight":"normal","paddingRight":"0","fontSize":"18px","fontFamily":"'Cormorant', serif;","backgroundColor":"#ffffffff","borderColor":"#00dbdbff","paddingLeft":"0","borderWidth":"1","lineHeight":"30","paddingBottom":"0","letterSpacing":0,"borderRadius":"26"}},"lookupModal":{"content":{"backgroundColor":"#ffffffff"},"title":{"backgroundColor":"#00bfc0ff"},"bottomText":{"backgroundColor":"#00bfc0ff"},"header":{"backgroundColor":"#82e5e557"},"search":{"width":"100","borderRadius":17,"borderStyle":"solid","borderColor":"","borderWidth":"0","backgroundColor":"rgba(130,229,229, 1)"}},"Line":{"root":{"color":"#7f7f7fff","borderStyle":"solid","height":"2","fontWeight":"normal","position":"absolute","fontSize":"","fontFamily":"'Cormorant', serif;","borderColor":"#a4a4a4ff","borderWidth":"2"}},"SmartVSignUpPage":{"root":{"fontFamily":"'Cormorant', serif;","fontSize":"","fontWeight":"normal","color":"#7f7f7fff"},"buttonContinueHover":{"backgroundColor":"#00dbdbff","borderStyle":"solid","borderRadius":14},"bottomLink":{"fontFamily":"'Cormorant', serif;","fontSize":"16px","lineHeight":"18","letterSpacing":0,"color":"#7f7f7fff","fontWeight":"normal"},"page":{"fontFamily":"'Cormorant', serif;","fontSize":"","fontWeight":"normal","color":"#7f7f7fff","backgroundColor":"#efefe2ff"},"fieldInput":{"fontFamily":"'Cormorant', serif;","fontSize":"18px","lineHeight":"22","letterSpacing":0,"color":"#7f7f7fff","fontWeight":"normal","backgroundColor":"#dde0cdff"},"bottomText":{"fontFamily":"'Cormorant', serif;","fontSize":"18px","lineHeight":"22","letterSpacing":0,"color":"#7f7f7fff","fontWeight":"normal"},"title":{"fontFamily":"'Cormorant', serif;","fontSize":"46px","lineHeight":"56","letterSpacing":0,"color":"#7f7f7fff","fontWeight":"normal"},"buttonContinue":{"color":"#ffffffff","borderStyle":"solid","fontWeight":"normal","fontSize":"18px","fontFamily":"'Cormorant', serif;","backgroundColor":"#00dbdbff","lineHeight":"22","letterSpacing":0,"borderRadius":14},"fieldLabel":{"fontFamily":"'Cormorant', serif;","fontSize":"14px","lineHeight":"16","letterSpacing":0,"color":"#7f7f7fff","fontWeight":"normal"},"description":{"fontFamily":"'Cormorant', serif;","fontSize":"16px","lineHeight":"27","letterSpacing":0,"color":"#7f7f7fff","fontWeight":"normal"},"buttonContinueActive":{"backgroundColor":"#00dbdbff","borderStyle":"solid","borderRadius":14}},"Tab":{"root":{"color":"rgba(127,127,127, 1)","borderStyle":"solid","width":"250","height":"200","fontWeight":"normal","fontSize":"16px","fontFamily":"'Cormorant', serif;","borderColor":"#dde0cdff","borderWidth":"1"},"indicator":{"backgroundColor":"rgba(25,196,203, 1)"},"tabBtnSelected":{"color":"rgba(25,196,203, 1)","fontWeight":"bold","lineHeight":"16","fontFamily":"'Cormorant', serif;","fontSize":"16px"},"tabBtnDisabled":{"fontFamily":"'Cormorant', serif;","fontWeight":"normal","fontSize":"16px","color":"#7f7f7f69"},"scrollButtons":{"fontFamily":"'Cormorant', serif;","fontWeight":"normal","fontSize":"18px","color":"rgba(25,196,203, 1)","borderColor":"rgba(25,196,203, 1)","borderStyle":"solid","borderWidth":"1"}},"SmartVVerificationPage":{"root":{"fontFamily":"'Cormorant', serif;","fontSize":"","fontWeight":"normal","color":"#7f7f7fff"},"buttonContinueHover":{"backgroundColor":"#00dbdbff","borderStyle":"solid","borderRadius":"14"},"bottomLink":{"fontFamily":"'Cormorant', serif;","fontSize":"18px","lineHeight":"22","letterSpacing":0,"color":"#7f7f7fff","fontWeight":"normal"},"page":{"fontFamily":"'Cormorant', serif;","fontSize":"","fontWeight":"normal","color":"#7f7f7fff","backgroundColor":"#efefe2ff"},"fieldInput":{"fontFamily":"'Cormorant', serif;","fontSize":"18px","lineHeight":"22","letterSpacing":0,"fontWeight":"normal","color":"#7f7f7fff","backgroundColor":"#dde0cdff"},"title":{"fontFamily":"'Cormorant', serif;","fontSize":"30px","lineHeight":"36","letterSpacing":0,"fontWeight":"normal","color":"#7f7f7fff"},"buttonContinue":{"color":"#ffffffff","borderStyle":"solid","fontWeight":"normal","fontSize":"18px","fontFamily":"'Cormorant', serif;","backgroundColor":"#00dbdbff","lineHeight":"22","letterSpacing":0,"borderRadius":"14"},"description":{"fontFamily":"'Cormorant', serif;","fontSize":"16px","lineHeight":"22","letterSpacing":0,"color":"#7f7f7fff","fontWeight":"normal"},"buttonContinueActive":{"backgroundColor":"#00dbdbff","borderStyle":"solid","borderRadius":"14"}},"galleryGrid":{"root":{"color":"#7f7f7fff","width":"100","height":"100","fontWeight":"normal","position":"absolute","widthUnit":"%","heightUnit":"%","fontSize":"","fontFamily":"'Cormorant', serif;","minHeight":"unset","minHeightUnit":"%"},"header":{"fontFamily":"'Cormorant', serif;","fontSize":"30px","letterSpacing":0,"lineHeight":"50","fontWeight":"normal","color":"#7f7f7fff"},"headerDescription":{"fontFamily":"'Cormorant', serif;","fontSize":"16px","lineHeight":"22","letterSpacing":0,"fontWeight":"normal","color":"#7f7f7fff"}},"Strip":{"root":{"height":"auto","minHeight":"600","fontFamily":"'Cormorant', serif;","shadow":[{"color":"#d02626ff"}],"fontSize":"","fontWeight":"normal","color":"#7f7f7fff","backgroundImage":""}},"My Widget":{"root":{"fontFamily":"'Cormorant', serif;","fontSize":"","fontWeight":"normal","color":"#7f7f7fff"}},"ConfirmationModal":{"cancelActive":{"fontFamily":"'Cormorant', serif;"},"root":{"fontFamily":"'Cormorant', serif;","fontSize":"","fontWeight":"normal","color":"#7f7f7fff"},"cancelHover":{"fontFamily":"'Cormorant', serif;"},"applyHover":{"fontFamily":"'Cormorant', serif;"},"apply":{"color":"#ffffffff","borderStyle":"solid","fontWeight":"bold","fontSize":"16px","fontFamily":"'Cormorant', serif;","backgroundColor":"#00dbdbff","borderWidth":"0","lineHeight":"22","letterSpacing":0,"borderRadius":14},"applyActive":{"fontFamily":"'Cormorant', serif;"},"title":{"fontFamily":"'Cormorant', serif;","fontSize":"18px","lineHeight":"22","letterSpacing":0,"color":"#7f7f7fff","fontWeight":"normal"},"cancel":{"fontFamily":"'Cormorant', serif;","fontSize":"16px","lineHeight":"23","letterSpacing":0,"fontWeight":"normal","color":"#7f7f7fff"},"description":{"fontFamily":"'Cormorant', serif;","fontSize":"14px","lineHeight":"20","letterSpacing":0,"color":"#7f7f7fff","fontWeight":"normal"}},"ExtendedGallery":{"root":{"color":"#7f7f7fff","borderStyle":"solid","width":"330","height":"300","fontWeight":"normal","position":"absolute","backgroundImage":"''","fontSize":"","fontFamily":"'Cormorant', serif;","backgroundColor":"#ffffffff","borderColor":"#dde0cdff","borderWidth":"1"},"title":{"fontFamily":"'Cormorant', serif;","fontSize":"30px","lineHeight":"36","letterSpacing":0,"paddingTop":"20","fontWeight":"normal","color":"#7f7f7fff"},"description":{"fontFamily":"'Cormorant', serif;","fontSize":"18px","lineHeight":"26","letterSpacing":0,"fontWeight":"normal","color":"#7f7f7fff"},"button":{"color":"#7f7f7fff","borderStyle":"solid","fontWeight":"normal","fontSize":"14px","fontFamily":"'Cormorant', serif;","backgroundColor":"#e4e4e4ff","borderColor":"#b7b4b4ff","borderWidth":"1","lineHeight":"20","letterSpacing":0,"borderRadius":2},"userContainer":{"fontFamily":"'Cormorant', serif;","fontSize":"","fontWeight":"normal","color":"#7f7f7fff"},"userAvatar":{"fontFamily":"'Cormorant', serif;","fontSize":"","width":"60","height":"60","fontWeight":"normal","color":"#7f7f7fff"},"userName":{"fontFamily":"'Cormorant', serif;","fontSize":"16px","lineHeight":"27","letterSpacing":0,"fontWeight":"normal","textAlign":"left","color":"#7f7f7fff"},"userPoweredBy":{"fontFamily":"'Cormorant', serif;","fontSize":"16px","lineHeight":"27","letterSpacing":0,"textAlign":"left","fontWeight":"normal","color":"#7f7f7fff"}},"Link":{"root":{"color":"#00a5a6ff","paddingTop":"0","borderStyle":"solid","fontWeight":"bold","paddingRight":"0","fontSize":"16px","fontFamily":"'Cormorant', serif;","backgroundColor":"#ffffff00","paddingLeft":"0","borderWidth":"0","lineHeight":"20","paddingBottom":"0","letterSpacing":0,"textDecoration":"underline"},"aHover":{"color":"#00a5a6ff","paddingTop":"0","borderStyle":"solid","fontWeight":"bold","paddingRight":"0","fontSize":"16px","fontFamily":"'Cormorant', serif;","backgroundColor":"#ffffff00","paddingLeft":"0","borderWidth":"0","lineHeight":"20","paddingBottom":"0","letterSpacing":0,"textDecoration":"underline"},"rootHover":{"color":"#00a5a6ff","paddingTop":"0","borderStyle":"solid","fontWeight":"bold","paddingRight":"0","fontSize":"16px","fontFamily":"'Cormorant', serif;","backgroundColor":"#ffffff00","paddingLeft":"0","borderWidth":"0","lineHeight":"20","paddingBottom":"0","letterSpacing":0,"textDecoration":"underline"},"aActive":{"color":"#00a5a6ff","paddingTop":"0","borderStyle":"solid","fontWeight":"bold","paddingRight":"0","fontSize":"16px","fontFamily":"'Cormorant', serif;","backgroundColor":"#ffffff00","paddingLeft":"0","borderWidth":"0","lineHeight":"20","paddingBottom":"0","letterSpacing":0,"textDecoration":"underline"},"rootActive":{"color":"#00a5a6ff","paddingTop":"0","borderStyle":"solid","fontWeight":"bold","paddingRight":"0","fontSize":"16px","fontFamily":"'Cormorant', serif;","backgroundColor":"#ffffff00","paddingLeft":"0","borderWidth":"0","lineHeight":"20","paddingBottom":"0","letterSpacing":0,"textDecoration":"underline"}},"Image":{"root":{"position":"absolute","fontFamily":"'Cormorant', serif;","width":"250","height":"200","fontSize":"","fontWeight":"normal","color":"#7f7f7fff"}},"Footer":{"root":{"position":"relative","fontFamily":"'Cormorant', serif;","fontSize":"","fontWeight":"normal","color":"#7f7f7fff"}},"infoBox":{"root":{"shadow":[{"color":"#000000ff"}],"color":"#7f7f7fff","borderStyle":"solid","width":"350","height":"160","fontWeight":"normal","position":"absolute","widthUnit":"px","heightUnit":"px","fontSize":"","fontFamily":"'Cormorant', serif;","backgroundColor":"#f3f4ebff","borderColor":"#dde0cdff","minHeight":"unset","borderWidth":"1","paddingBottom":"","minHeightUnit":"%"},"title":{"fontFamily":"'Cormorant', serif;","fontSize":"24px","lineHeight":"30","letterSpacing":0,"marginRight":"20","fontWeight":"normal","color":"#7f7f7fff"},"content":{"fontFamily":"'Cormorant', serif;","fontSize":"36px","color":"#7f7f7fff","lineHeight":"50","letterSpacing":0,"marginRight":"20","fontWeight":"normal"},"subText":{"color":"#7f7f7fff","paddingTop":"","fontWeight":"normal","fontSize":"16px","fontFamily":"'Cormorant', serif;","marginLeft":"20","marginBottom":"10","lineHeight":"30","letterSpacing":0},"icon":{"fill":"#00dbdbff","color":"#7f7f7fff","paddingTop":"15","width":"100","height":"100","fontWeight":"normal","fontSize":"","fontFamily":"'Cormorant', serif;","backgroundColor":"","paddingBottom":"15"},"divider":{"backgroundColor":"#dde0cdff","paddingLeft":"","marginLeft":"10","marginRight":"10","fontWeight":"normal","color":"#7f7f7fff","fontFamily":"'Cormorant', serif;"}},"list":{"col":{"fontFamily":"'Cormorant', serif;","fontSize":"","paddingTop":"","paddingBottom":"","fontWeight":"normal","color":"#7f7f7fff"},"headCol":{"fontSize":"16px","color":"#ffffffff","fontFamily":"'Cormorant', serif;","fontWeight":"bold","lineHeight":"22","letterSpacing":0},"root":{"shadow":[{"color":"#000000ff"}],"color":"#7f7f7fff","borderStyle":"solid","width":"300","height":"200","fontWeight":"normal","position":"absolute","widthUnit":"px","heightUnit":"px","fontSize":"","fontFamily":"'Cormorant', serif;","borderColor":"#dde0cdff","minHeight":"unset","borderWidth":"1","minHeightUnit":"%","borderRadius":"0"},"grouping":{"fontFamily":"'Cormorant', serif;","fontSize":"","fontWeight":"normal","color":"#7f7f7fff"},"colSelection":{"fontFamily":"'Cormorant', serif;","fontSize":"","fontWeight":"normal","color":"#7f7f7fff"},"header":{"fontFamily":"'Cormorant', serif;","fontSize":"30px","lineHeight":"50","letterSpacing":0,"fontWeight":"normal","color":"#7f7f7fff"},"scroll":{"color":"#7f7f7fff","borderStyle":"solid","thumbImage":"","width":"10","fontWeight":"normal","thumbColor":"","fontFamily":"'Cormorant', serif;","borderColor":"#b9b8b8ff","borderWidth":"1","scrollBarColor":"#f3f4ebff","borderRadius":"2"},"activeTab":{"fontFamily":"'Cormorant', serif;","fontSize":"","backgroundColor":"#d1e8f9ff","fontWeight":"normal","color":"#7f7f7fff"},"headerDescription":{"fontFamily":"'Cormorant', serif;","fontSize":"16px","lineHeight":"22","letterSpacing":0,"fontWeight":"normal","color":"#7f7f7fff"},"tab":{"fontFamily":"'Cormorant', serif;","fontSize":"","fontWeight":"normal","color":"#7f7f7fff"},"row":{"fontFamily":"'Cormorant', serif;","fontSize":"16px","height":"40","lineHeight":"22","letterSpacing":0,"fontWeight":"normal","color":"#7f7f7fff"},"headRow":{"color":"#7f7f7fff","height":"50","fontWeight":"normal","background":"","fontSize":"18px","fontFamily":"'Cormorant', serif;","backgroundColor":"#2ad2d296","lineHeight":"38","letterSpacing":0}},"chart":{"root":{"shadow":[{"color":"#000000ff"}],"color":"#7f7f7fff","borderStyle":"solid","width":"300","height":"200","fontWeight":"normal","position":"absolute","widthUnit":"px","paddingRight":"10","heightUnit":"px","fontSize":"","fontFamily":"'Cormorant', serif;","borderColor":"#dde0cdff","paddingLeft":"10","minHeight":"unset","borderWidth":"1","minHeightUnit":"%"},"header":{"fontFamily":"'Cormorant', serif;","fontSize":"30px","lineHeight":"50","letterSpacing":0,"fontWeight":"normal","color":"#7f7f7fff"},"headerDescription":{"fontFamily":"'Cormorant', serif;","fontSize":"16px","lineHeight":"22","letterSpacing":0,"fontWeight":"normal","color":"#7f7f7fff"},"no-data":{"fontFamily":"'Cormorant', serif;","fontSize":"18px","fontWeight":"normal","lineHeight":"24","letterSpacing":0,"color":"#7f7f7fff"},"axisX":{"fontFamily":"'Cormorant', serif;","fontSize":"12px","lineHeight":"16","letterSpacing":0,"fontWeight":"normal","color":"#7f7f7fff"},"axisY":{"fontFamily":"'Cormorant', serif;","fontSize":"12px","fontWeight":"normal","lineHeight":"16","letterSpacing":0,"color":"#7f7f7fff"},"chartColor":{"fontFamily":"'Cormorant', serif;","chartColor":"#007073ff;#00a5a6ff;#00bfc0ff;#d5f6f7ff;#69ddbaff;#00f7f7ff;#7ee6cdff","fontSize":"","fontWeight":"normal","color":"#7f7f7fff"}}},"primaryContrastColor":"#ffffff"},"recentColors":["#ea0a0aff","#c55a5aff","#e21515ff","#e67575ff","#5a5353ff"],"RepeatedStripsID":["s187"],"lastID":189,"isEnabledVersions":true,"customFonts":[{"value":"'Cormorant', serif;","label":"Cormorant"},{"value":"'Lato', sans-serif;","label":"Lato"},{"value":"'Exo 2', sans-serif;","label":"Exo 2"}],"pushToSalesforce":{"enabled":true,"isWidget":true,"list":[{"sobjectLabel":"Case","fieldParameters":{"ContactId":{"isBulkMode":true}},"multiMatchs":"first","showLoadingMessage":true,"loadingMessage":" ","uid":"83ebf23b-ced1-4584-8138-6e5951d66a9d","sobject":"Case","updateCondition":[],"childrens":[],"action":"create","isPushItem":true,"customSkipMessage":"Skipped ...","limits":"","anyMatch":"skip","isSFGetIntegration":false,"gridFields":{"ContactId":"PowerTableWidget:9bb5f059-c8bd-4da4-9f7e-2611f20ae7e1##9bb5f059-c8bd-4da4-9f7e-2611f20ae7e1:e157-selectedItems","Description":"view:9bb5f059-c8bd-4da4-9f7e-2611f20ae7e1##9bb5f059-c8bd-4da4-9f7e-2611f20ae7e1:e159","Subject":"view:9bb5f059-c8bd-4da4-9f7e-2611f20ae7e1##9bb5f059-c8bd-4da4-9f7e-2611f20ae7e1:e158"},"comment":"create cases for contacts"},{"sobjectLabel":"Contact","multiMatchs":"first","showLoadingMessage":true,"loadingMessage":" ","uid":"ebb2abc6-b31f-4ba1-ac23-0ea8cde976e3","sobject":"Contact","updateCondition":[],"childrens":[],"action":"create","isPushItem":true,"customSkipMessage":"Skipped ...","limits":"","anyMatch":"skip","isSFGetIntegration":false,"gridFields":{"LastName":"view:9bb5f059-c8bd-4da4-9f7e-2611f20ae7e1##9bb5f059-c8bd-4da4-9f7e-2611f20ae7e1:e162","FirstName":"view:9bb5f059-c8bd-4da4-9f7e-2611f20ae7e1##9bb5f059-c8bd-4da4-9f7e-2611f20ae7e1:e163","Email":"view:9bb5f059-c8bd-4da4-9f7e-2611f20ae7e1##9bb5f059-c8bd-4da4-9f7e-2611f20ae7e1:e164"},"comment":"create a contact"}]},"ui":{"useAnimations":true},"customDomain":{"status":false},"elements":{"Footer":{"type":"Strip","props":{"styleRef":"Footer"},"children":[]}},"rules":{"602458f3d91dc20a40be1273:602458f3d91dc20a40be1273":[{"uid":"8e60e79d-eb43-4b63-97e8-1e831ff7e059","conditions":[{"field":{"value":"9bb5f059-c8bd-4da4-9f7e-2611f20ae7e1:s187:01432a5a-0550-4dee-8b92-dac040078adf","label":"[Repeat] / Strip / acc_type_var","uid":"s187","group":"view:9bb5f059-c8bd-4da4-9f7e-2611f20ae7e1","type":"Strip"},"operator":"equalsnotcase","valueType":"value","value":"Customer - Direct","bracket":"","post":""}],"isAction":false,"actions":{"9bb5f059-c8bd-4da4-9f7e-2611f20ae7e1:s187:s187":[{"elemType":"Strip","type":"set_bg_color","value":"#e67575ff"}]}},{"uid":"65f42ec9-68a4-4eb6-b5d4-c7a7a0653e3d","conditions":[{"field":{"value":"9bb5f059-c8bd-4da4-9f7e-2611f20ae7e1:s187:01432a5a-0550-4dee-8b92-dac040078adf","label":"[Repeat] / Strip / acc_type_var","uid":"s187","group":"view:9bb5f059-c8bd-4da4-9f7e-2611f20ae7e1","type":"Strip"},"operator":"equalsnotcase","valueType":"value","value":"Customer - Channel","bracket":"","post":""}],"isAction":false,"actions":{"9bb5f059-c8bd-4da4-9f7e-2611f20ae7e1:s187:s187":[{"elemType":"Strip","type":"set_bg_color","value":"#5a5353ff"}]}}],"9bb5f059-c8bd-4da4-9f7e-2611f20ae7e1:e163":[{"uid":"cf768df1-cb85-44a0-8a4d-851f1b252e1f","conditions":[],"isAction":false,"actions":{"executeJS":{"0":{"enabled":false,"code":""}}}}],"9bb5f059-c8bd-4da4-9f7e-2611f20ae7e1:e162":[{"uid":"3817c110-c5f6-427d-9478-90a73d717638","conditions":[{"field":{"value":"9bb5f059-c8bd-4da4-9f7e-2611f20ae7e1:e162","label":"firstname","uid":"e162","group":"view:9bb5f059-c8bd-4da4-9f7e-2611f20ae7e1","type":"FormField","subType":"text"},"operator":"isnotempty","valueType":"value","value":"","bracket":"","post":""}],"isAction":false,"actions":{"executeJS":{"0":{"enabled":true,"code":"let fnameval = ftGetValueByID('9bb5f059-c8bd-4da4-9f7e-2611f20ae7e1', 'e162'); \nfnameval += ' TITAN WEB IS REALLY COOL';\n\nftSetValueByID('9bb5f059-c8bd-4da4-9f7e-2611f20ae7e1', 'e163', fnameval);"}}}}]},"customDomainSettings":{"host":"yoursubdomain.docstitan.com","ipServer":"206.189.9.167","customDomain":{"IsProcessed":false,"IsDisabled":false,"UserID":235842,"IsVerified":false,"ProjectID":"602458f3d91dc20a40be1273","CustomDomain":"donkeyforce.xyz","__v":0,"_id":"60758e709afa367d9a314eab","CreatedAt":"2021-04-13T12:28:32.963Z"},"isSubdomain":false,"isValidDomain":true,"nsDomain":{"status":true,"list":["ns-286.awsdns-35.com","ns-1878.awsdns-42.co.uk","ns-765.awsdns-31.net","ns-1380.awsdns-44.org"]}},"sfMapping":{"enabled":true,"isWidget":true,"list":[{"sobjectLabel":"Contact","loadPickList":true,"multiMatchs":"first","isCacheMetadata":true,"showLoadingMessage":true,"loadingMessage":" ","uid":"8cd5457a-6b0e-4627-816b-62e9a98693e4","processOnCustomButton":false,"sobject":"Contact","isChild":false,"updateCondition":[],"childrens":[],"processOnload":true,"customSkipMessage":"Skipped ...","limits":1,"anyMatch":"skip","isSFGetIntegration":true,"gridFields":{"view:9bb5f059-c8bd-4da4-9f7e-2611f20ae7e1#-#9bb5f059-c8bd-4da4-9f7e-2611f20ae7e1:e184:ftListValue":"LeadSource"},"comment":""},{"sobjectLabel":"Account","enable":false,"multiMatchs":"all","showLoadingMessage":true,"loadingMessage":" ","uid":"dcdc2d08-39cd-42ab-b2f5-eccff3edcb41","processOnCustomButton":false,"sobject":"Account","isChild":false,"updateCondition":[{"conditions":[{"postCondition":"and","conditionType":"string","name":"Type","sfType":"picklist","refField":null,"operator":"isnotempty"}]}],"ordering":[{"name":"Type","type":"ASC"}],"childrens":[],"processOnload":true,"customSkipMessage":"Skipped ...","limits":100,"anyMatch":"skip","isSFGetIntegration":true,"gridFields":{"view:9bb5f059-c8bd-4da4-9f7e-2611f20ae7e1#-#9bb5f059-c8bd-4da4-9f7e-2611f20ae7e1:s187:e188:TYPO_TEXT":"Name","view:9bb5f059-c8bd-4da4-9f7e-2611f20ae7e1#-#9bb5f059-c8bd-4da4-9f7e-2611f20ae7e1:s187:e189:TYPO_TEXT":"Type","view:9bb5f059-c8bd-4da4-9f7e-2611f20ae7e1#-#9bb5f059-c8bd-4da4-9f7e-2611f20ae7e1:s187:01432a5a-0550-4dee-8b92-dac040078adf":"Type"},"comment":"get account"}]},"isConfiguredCustomDomain":false,"versionsSettings":{"isUseGit":true,"repo":"TITANWeb","branch":"main"}},"Pages":[{"name":"Home","isHome":true,"_id":"602458f3d91dc20a40be1272","url":"ft7c9a0fd3297d4d9888b141f74b546120","uid":"9bb5f059-c8bd-4da4-9f7e-2611f20ae7e1","action":[],"onceAction":[]}],"URL":"ft4d32583119b646b59b65974122eb595a","UserID":235842,"CreatedAt":"2021-02-10T22:06:43.983Z","PublishPages":[{"name":"Home","isHome":true,"_id":"602458f3d91dc20a40be1272","url":"ft7c9a0fd3297d4d9888b141f74b546120","uid":"9bb5f059-c8bd-4da4-9f7e-2611f20ae7e1","action":[],"onceAction":[]}],"__v":3,"UpdatedAt":"2021-05-24T20:59:55.508Z","PublishSettings":{"styles":{"Header":{"type":"Header"},"Footer":{"type":"Footer","lg":{"type":"Footer","columns":1,"rows":1,"areas":[["a"]]}},"Drawer":{"type":"Drawer"},"SmartVVerificationPage":{"type":"SmartVVerificationPage"},"SmartVLoginPage":{"type":"SmartVLoginPage"},"SmartVSignUpPage":{"type":"SmartVSignUpPage"}},"theme":{"primaryColor":"#0091ff","primary":"rgba(130,229,229, 1)","color":"rgba(127,127,127, 1)","page404":{"elements":{"f0f25d44-e2f5-4422-b0ff-9e7d04b27d23":{"type":"Strip","props":{"styleRef":"f0f25d44-e2f5-4422-b0ff-9e7d04b27d23"},"children":["4b2424a1-4503-4178-bab7-e6a2006bd72b"],"parent":null},"4b2424a1-4503-4178-bab7-e6a2006bd72b":{"type":"Image","props":{"lg":{"src":"https://d3255hq6rclyj1.cloudfront.net/5fb4d90832a3003d6cde2e7d_ftusergal_.png","alt":"","gridArea":"Col1","position":{"left":222,"top":77,"leftUnit":"px","topUnit":"px","right":"","bottom":"","transform":""}},"styleRef":"4b2424a1-4503-4178-bab7-e6a2006bd72b"},"children":[],"parent":"f0f25d44-e2f5-4422-b0ff-9e7d04b27d23"}},"Grid":["f0f25d44-e2f5-4422-b0ff-9e7d04b27d23"],"styles":{"f0f25d44-e2f5-4422-b0ff-9e7d04b27d23":{"type":"Strip","lg":{"columns":1,"rows":1,"areas":[["Col1"]],"root":{"minHeight":647,"minHeightUnit":"px"},"row0":647,"row0Unit":"px"}},"ec2db18b-0fbf-4f37-b80a-deef5b072557":{"lg":{"root":{"width":"270","height":120,"widthUnit":"px","heightUnit":"px"}},"type":"Typography","isHidden":{"lg":false}},"29f41dc3-747f-46fb-8b98-1955fd992616":{"lg":{"root":{"maxWidth":"","width":389,"maxWidthUnit":"px","height":211,"widthUnit":"px","heightUnit":"px","maxHeight":"","maxHeightUnit":"px","minWidth":389,"minWidthUnit":"px","minHeight":211,"minHeightUnit":"px"}},"type":"Section","isHidden":{"lg":false}},"4b2424a1-4503-4178-bab7-e6a2006bd72b":{"lg":{"root":{"maxWidth":"","width":753,"maxWidthUnit":"px","height":467,"widthUnit":"px","heightUnit":"px","maxHeight":"","maxHeightUnit":"px","minWidth":753,"minWidthUnit":"px","minHeight":467,"minHeightUnit":"px"}},"type":"Image","isHidden":{"lg":false}}}},"secondaryContrastColor":"#0091ff","secondaryColor":"#fff","fontFamily":"'Cormorant', serif;","secondary":"rgba(25,196,203, 1)","backgroundColor":"rgba(0,112,115, 1)","FormField":{"all":{"primary":"rgba(25,196,203, 1)","label":{"fontFamily":"'Cormorant', serif;","fontWeight":"normal","fontSize":"16px"},"labelColor":"","labelShrink":{"fontFamily":"'Cormorant', serif;","fontWeight":"normal","fontSize":"14px"},"labelColorShrink":"rgba(25,196,203, 1)","input":{"fontFamily":"'Cormorant', serif;","fontWeight":"normal","fontSize":"16px"},"text":""},"upload":{"icon":"#2ad2d296","textVariant":"filled","filled":"#ffffffff"},"buttongroup":{"filledBtnColor":"#82e5e5ff","input":{"fontFamily":"'Cormorant', serif;","fontWeight":"normal","fontSize":"14px"},"text":"#ffffffff"},"signature":{"borderColor":"#dde0cdff","borderWidth":"1","line":"#00bfc0ff"},"multiSelect":{"chipFill":"#00bfc0ff","chipIconColor":"#fdfdfdff","inputItem":{"fontFamily":"'Cormorant', serif;","fontWeight":"normal","fontSize":"14px"},"textItem":"#ffffffff","input":{"fontFamily":"'Cormorant', serif;","fontWeight":"normal","fontSize":"16px"},"text":"rgba(127,127,127, 1)"}},"_id":"5fc10f2b4de7542ebe0cdd96","Type":"ThemeTemplate","lg":{"YouTube":{"root":{"position":"absolute","fontFamily":"'Cormorant', serif;","fontSize":"","fontWeight":"normal","width":"300","height":"180","color":"#7f7f7fff"}},"form":{"successMsgRoot":{"fontFamily":"'Cormorant', serif;","fontSize":"","fontWeight":"normal","color":"#7f7f7fff"},"root":{"color":"#7f7f7fff","borderStyle":"solid","width":"300","height":"200","fontWeight":"normal","position":"absolute","widthUnit":"px","heightUnit":"px","fontSize":"","fontFamily":"'Cormorant', serif;","borderColor":"#dde0cdff","minHeight":"unset","borderWidth":"1","minHeightUnit":"%"},"errorMsgText":{"fontFamily":"'Cormorant', serif;","fontSize":"14px","lineHeight":"18","letterSpacing":0,"fontWeight":"normal","color":"#7f7f7fff"},"buttonHover":{"color":"#ffffffff","backgroundColor":"#00dbdbff"},"errorMsgButton":{"color":"#ffffffff","borderStyle":"solid","fontWeight":"bold","fontSize":"16px","fontFamily":"'Cormorant', serif;","backgroundColor":"#00dbdbff","borderWidth":"0","lineHeight":"22","letterSpacing":0,"borderRadius":14},"successMsgText":{"fontFamily":"'Cormorant', serif;","fontSize":"14px","lineHeight":"18","letterSpacing":0,"fontWeight":"normal","color":"#7f7f7fff"},"successMsgButtonHover":{"fontFamily":"'Cormorant', serif;"},"underline":{"borderColor":"#b7b7b7ff","borderWidth":"1","activeBorderColor":"#679F30","activeBorderWidth":"1","fontFamily":"'Cormorant', serif;"},"header":{"fontFamily":"'Cormorant', serif;","fontSize":"30px","lineHeight":"50","letterSpacing":0,"fontWeight":"normal","color":"#7f7f7fff"},"scroll":{"color":"#7f7f7fff","borderStyle":"solid","thumbImage":"","width":"10","fontWeight":"normal","fontFamily":"'Cormorant', serif;","borderColor":"#b9b8b8ff","borderWidth":"1","scrollBarColor":"#f3f4ebff","borderRadius":"2"},"headerDescription":{"fontFamily":"'Cormorant', serif;","fontSize":"16px","lineHeight":"22","letterSpacing":0,"fontWeight":"normal","color":"#7f7f7fff"},"successMsgButton":{"color":"#ffffffff","borderStyle":"solid","fontWeight":"bold","fontSize":"16px","fontFamily":"'Cormorant', serif;","backgroundColor":"#00dbdbff","borderWidth":"0","lineHeight":"22","letterSpacing":0,"borderRadius":14},"errorMsgButtonHover":{"fontFamily":"'Cormorant', serif;"},"errorMsgButtonActive":{"fontFamily":"'Cormorant', serif;"},"errorMsgicon":{"fontFamily":"'Cormorant', serif;","fontSize":"","fontWeight":"normal","color":"#7f7f7fff","backgroundColor":"#e4e0e0ff"},"button":{"color":"#ffffffff","borderStyle":"solid","width":"150","marginTop":"10","height":"40","fontWeight":"normal","fontSize":"16px","fontFamily":"'Cormorant', serif;","backgroundColor":"#00dbdbff","borderWidth":"0","lineHeight":"22","letterSpacing":0,"borderRadius":"20"},"errorMsgIconRoot":{"fontFamily":"'Cormorant', serif;","fontSize":"","fontWeight":"normal","color":"#7f7f7fff"},"label":{"fontFamily":"'Cormorant', serif;","fontSize":"16px","lineHeight":"18","letterSpacing":0,"fontWeight":"normal","color":"#7f7f7fff"},"successMsgButtonActive":{"fontFamily":"'Cormorant', serif;"},"successMsgicon":{"fontFamily":"'Cormorant', serif;","fontSize":"","fontWeight":"normal","color":"#ffffffff","backgroundColor":"#00dbdbff"},"buttonActive":{"color":"#ffffffff","backgroundColor":"#00dbdbff"},"floatLabel":{"fontFamily":"'Cormorant', serif;","fontSize":"16px","lineHeight":"18","letterSpacing":0,"fontWeight":"normal","color":"#7f7f7fff"},"successMsgIconRoot":{"fontFamily":"'Cormorant', serif;","fontSize":"","fontWeight":"normal","color":"#7f7f7fff"},"successMsgTitle":{"fontFamily":"'Cormorant', serif;","fontSize":"18px","lineHeight":"23","letterSpacing":0,"fontWeight":"normal","color":"#7f7f7fff"},"errorMsgRoot":{"fontFamily":"'Cormorant', serif;","fontSize":"","fontWeight":"normal","color":"#7f7f7fff"},"element":{"fontFamily":"'Cormorant', serif;","fontSize":"16px","lineHeight":"20","letterSpacing":0,"fontWeight":"normal","color":"#7f7f7fff"},"errorMsgTitle":{"fontFamily":"'Cormorant', serif;","fontSize":"18px","lineHeight":"23","letterSpacing":0,"fontWeight":"normal","color":"#7f7f7fff"}},"Vimeo":{"root":{"position":"absolute","fontFamily":"'Cormorant', serif;","fontSize":"","fontWeight":"normal","width":"300","height":"180","color":"#7f7f7fff"}},"Svg":{"root":{"fill":"#dde0cdff","color":"#7f7f7fff","width":"60","height":"50","fontWeight":"normal","position":"absolute","strokeWidth":"","fontSize":"","fontFamily":"'Cormorant', serif;","stroke":""},"element":{"fontFamily":"'Cormorant', serif;","fontSize":"","fontWeight":"normal","color":"#7f7f7fff"},"shape":{"fill":"#ffffff00","color":"#7f7f7fff","width":"60","height":"50","fontWeight":"normal","strokeWidth":"2","fontSize":"","fontFamily":"'Cormorant', serif;","stroke":"#007073"},"icon":{"fill":"#007073","color":"#7f7f7fff","width":"60","height":"50","fontWeight":"normal","strokeWidth":"","fontSize":"","fontFamily":"'Cormorant', serif;","stroke":""}},"Widget":{"root":{"position":"absolute","width":"100","widthUnit":"%","minHeight":"unset","minHeightUnit":"%","height":"100","heightUnit":"%"}},"iframe":{"root":{"borderStyle":"solid","width":"200","height":"200","position":"absolute","widthUnit":"px","heightUnit":"px","borderColor":"#c9c9c9ff","minHeight":"unset","borderWidth":"1","minHeightUnit":"%"}},"CustomLoader":{"loader":{"backgroundImage":"https://d34n0xw2ofs24w.cloudfront.net/animationpreloaders/animation_13.gif","height":"100","width":"100"}},"Section":{"root":{"color":"#7f7f7fff","borderStyle":"dashed","width":"200","height":"200","fontWeight":"normal","position":"absolute","fontSize":"","fontFamily":"'Cormorant', serif;","borderColor":"#c9c9c9ff","borderWidth":"2"}},"Search":{"root":{"shadow":[],"color":"#7f7f7fff","borderStyle":"solid","width":"205","height":"32","fontWeight":"normal","position":"absolute","fontSize":"16px","fontFamily":"'Cormorant', serif;","backgroundColor":"#ffffffff","borderColor":"#b7b7b7ff","textAlign":"left","paddingLeft":"15","borderWidth":"1","lineHeight":"27","letterSpacing":0,"borderRadius":"10"},"clear":{"fontFamily":"'Cormorant', serif;"},"divider":{"fontFamily":"'Cormorant', serif;"},"search":{"fontFamily":"'Cormorant', serif;"}},"Stack":{"root":{"color":"#7f7f7fff","borderStyle":"dashed","width":"200","height":"200","fontWeight":"normal","position":"absolute","fontSize":"","fontFamily":"'Cormorant', serif;","borderColor":"#c9c9c9ff","borderWidth":"2"}},"SmartVLoginPage":{"root":{"fontFamily":"'Cormorant', serif;","fontSize":"","backgroundColor":"#ffffffff","fontWeight":"normal","color":"#7f7f7fff"},"buttonContinueHover":{"borderStyle":"solid","borderRadius":"14"},"bottomLink":{"fontFamily":"'Cormorant', serif;","fontSize":"16px","color":"#7f7f7fff","lineHeight":"18","letterSpacing":0,"fontWeight":"normal"},"page":{"fontFamily":"'Cormorant', serif;","fontSize":"","fontWeight":"normal","color":"#7f7f7fff","backgroundColor":"#efefe2ff"},"fieldInput":{"fontFamily":"'Cormorant', serif;","fontSize":"18px","lineHeight":"22","letterSpacing":0,"fontWeight":"normal","color":"#7f7f7fff"},"bottomText":{"fontFamily":"'Cormorant', serif;","fontSize":"18px","lineHeight":"22","letterSpacing":0,"color":"#7f7f7fff","fontWeight":"normal"},"title":{"fontFamily":"'Cormorant', serif;","fontSize":"46px","letterSpacing":0,"lineHeight":"56","color":"#7f7f7fff","fontWeight":"normal"},"buttonContinue":{"fontFamily":"'Cormorant', serif;","fontSize":"","fontWeight":"normal","color":"#ffffffff","backgroundColor":"#00dbdbff","borderStyle":"solid","borderRadius":"14"},"fieldLabel":{"fontFamily":"'Cormorant', serif;","fontSize":"14px","letterSpacing":0,"lineHeight":"16","color":"#7f7f7fff","fontWeight":"normal"},"description":{"fontFamily":"'Cormorant', serif;","fontSize":"16px","lineHeight":"27","letterSpacing":0,"color":"#7f7f7fff","fontWeight":"normal"},"buttonContinueActive":{"borderStyle":"solid","borderRadius":"14"}},"SmartVProfilePage":{"root":{"fontFamily":"'Cormorant', serif;","fontSize":"","fontWeight":"normal","color":"#7f7f7fff"},"buttonContinueHover":{"backgroundColor":"#00dbdbff","borderStyle":"solid","borderRadius":14},"page":{"fontFamily":"'Cormorant', serif;","fontSize":"","fontWeight":"normal","color":"#7f7f7fff","backgroundColor":"#efefe2ff"},"fieldInput":{"fontFamily":"'Cormorant', serif;","fontSize":"18px","lineHeight":"22","letterSpacing":0,"color":"#7f7f7fff","fontWeight":"normal","backgroundColor":"#dde0cdff"},"title":{"fontFamily":"'Cormorant', serif;","fontSize":"46px","lineHeight":"56","letterSpacing":0,"fontWeight":"normal","color":"#7f7f7fff"},"buttonContinue":{"color":"#ffffffff","borderStyle":"solid","fontWeight":"normal","fontSize":"18px","fontFamily":"'Cormorant', serif;","backgroundColor":"#00dbdbff","lineHeight":"22","letterSpacing":0,"borderRadius":14},"fieldLabel":{"fontFamily":"'Cormorant', serif;","fontSize":"14px","lineHeight":"16","letterSpacing":0,"color":"#7f7f7fff","fontWeight":"normal"},"description":{"fontFamily":"'Cormorant', serif;","fontSize":"16px","lineHeight":"24","letterSpacing":0,"fontWeight":"normal","color":"#7f7f7fff"},"buttonContinueActive":{"backgroundColor":"#00dbdbff","borderStyle":"solid","borderRadius":14}},"Header":{"root":{"position":"relative","fontFamily":"'Cormorant', serif;","fontSize":"","backgroundColor":"#19c4cbff","background":"","fontWeight":"normal","color":"#7f7f7fff"},"profileIcon":{"fontFamily":"'Cormorant', serif;","fontSize":"","marginRight":"20","width":"25","height":"25","marginLeft":"6","fontWeight":"normal","color":"#7f7f7fff"},"profileMenuLink":{"fontFamily":"'Cormorant', serif;","fontSize":"","fontWeight":"normal","color":"#7f7f7fff"},"profileLink":{"fontFamily":"'Cormorant', serif;","fontSize":"","marginRight":"","textAlign":"right","fontWeight":"normal","color":"#ffffffff"},"profileMenu":{"fontFamily":"'Cormorant', serif;","fontSize":"","fontWeight":"normal","color":"#7f7f7fff"},"logo":{"fontFamily":"'Cormorant', serif;","fontSize":"","fontWeight":"normal","color":"#7f7f7fff"},"title":{"fontFamily":"'Cormorant', serif;","fontSize":"22px","lineHeight":"24","color":"#ffffffff","marginRight":"30","fontWeight":"normal","backgroundColor":""},"link":{"fontFamily":"'Cormorant', serif;","fontSize":"","paddingLeft":"10","paddingRight":"10","fontWeight":"normal","color":"#fbfbfbff"},"signInLink":{"fontFamily":"'Cormorant', serif;","fontSize":"","marginRight":"20","fontWeight":"normal","color":"#ffffffff"}},"table":{"col":{"fontFamily":"'Cormorant', serif;","fontSize":"","paddingTop":"0","paddingBottom":"0","fontWeight":"normal","color":"#7f7f7fff"},"root":{"color":"#7f7f7fff","borderStyle":"solid","width":"300","height":"200","fontWeight":"normal","position":"absolute","widthUnit":"px","heightUnit":"px","fontSize":"","fontFamily":"'Cormorant', serif;","backgroundColor":"#ffffffff","borderColor":"#dde0cdff","minHeight":"unset","borderWidth":"1","minHeightUnit":"%","borderRadius":""},"tra":{"color":"#7f7f7fff","height":"30","fontWeight":"normal","fontSize":"16px","fontFamily":"'Cormorant', serif;","backgroundColor":"#f3f4ebff","textAlign":"left","lineHeight":"22","letterSpacing":0},"summary":{"color":"#7f7f7fff","borderStyle":"solid","height":"35","fontWeight":"normal","fontSize":"16px","fontFamily":"'Cormorant', serif;","backgroundColor":"#dde0cdff","borderColor":"","paddingLeft":"20","borderWidth":"0","lineHeight":"22","letterSpacing":0,"textDecoration":""},"gbf":{"fontFamily":"'Cormorant', serif;","fontWeight":"normal","fontSize":"14px","textAlign":"center","lineHeight":"22","letterSpacing":0,"color":"#7f7f7fff"},"header":{"fontFamily":"'Cormorant', serif;","fontSize":"30px","lineHeight":"50","letterSpacing":0,"fontWeight":"normal","color":"#7f7f7fff"},"scroll":{"color":"#7f7f7fff","borderStyle":"solid","thumbImage":"linear-gradient(90deg, rgb(174, 233, 236) 0%,rgb(50, 189, 187) 100%)","width":"10","fontWeight":"normal","fontFamily":"'Cormorant', serif;","borderColor":"#b7b7b7ff","borderWidth":"1","scrollBarColor":"#f3f4ebff","borderRadius":"2"},"headerDescription":{"fontFamily":"'Cormorant', serif;","fontSize":"16px","lineHeight":"22","letterSpacing":0,"fontWeight":"normal","color":"#7f7f7fff"},"gbl":{"fontFamily":"'Cormorant', serif;","fontWeight":"normal","lineHeight":"20","letterSpacing":0,"textAlign":"left","fontSize":"14px","color":"#7f7f7fff"},"button":{"fontFamily":"'Cormorant', serif;","fontSize":"16px","fontWeight":"normal","lineHeight":"22","letterSpacing":0,"color":"#7f7f7fff"},"th":{"color":"#ffffffff","borderStyle":"solid","height":"50","fontWeight":"bold","background":"","fontSize":"16px","fontFamily":"'Cormorant', serif;","backgroundColor":"#2ad2d296","textAlign":"left","borderWidth":"0","lineHeight":"30","letterSpacing":0,"borderRadius":"0"},"icon":{"fontFamily":"'Cormorant', serif;","fontSize":"","fontWeight":"normal","color":"#7f7f7fff"},"row":{"color":"#7f7f7fff","paddingTop":"","height":"40","fontWeight":"normal","fontSize":"16px","fontFamily":"'Cormorant', serif;","backgroundColor":"#ffffffff","textAlign":"left","lineHeight":"22","paddingBottom":"","letterSpacing":0}},"Typography":{"root":{"position":"absolute","fontFamily":"'Cormorant', serif;","color":"#7f7f7fff","fontSize":"","backgroundColor":"","fontWeight":"normal"},"title":{"fontSize":"72px","fontFamily":"'Cormorant', serif;","color":"#7f7f7fff","fontWeight":"bold","lineHeight":"120","letterSpacing":0,"backgroundColor":""},"h1":{"fontSize":"46px","fontFamily":"'Cormorant', serif;","color":"#7f7f7fff","fontWeight":"bold","lineHeight":"77","letterSpacing":0,"backgroundColor":""},"subhead":{"fontSize":"24px","fontFamily":"'Cormorant', serif;","color":"#7f7f7fff","fontWeight":"bold","letterSpacing":0,"lineHeight":"40","backgroundColor":""},"p":{"fontSize":"16px","fontFamily":"'Cormorant', serif;","color":"#7f7f7fff","lineHeight":"27","letterSpacing":0,"backgroundColor":"","fontWeight":"normal"},"caption":{"fontSize":"14px","fontFamily":"'Cormorant', serif;","color":"#7f7f7fff","lineHeight":"23","letterSpacing":0,"backgroundColor":"","fontWeight":"normal"},"text":{"fontFamily":"'Cormorant', serif;","fontSize":"","fontWeight":"normal","color":"#7f7f7fff"},"link":{"fontWeight":"normal","color":"#7f7f7fff","fontFamily":"'Cormorant', serif;"}},"Page":{"root":{"overflow":"visible","color":"#7f7f7fff","fontFamily":"'Cormorant', serif;"},"60245f30d91dc20a40be1285":{"width":1367,"widthUnit":"px"}},"Window":{"root":{"backgroundColor":"#ffffffff"}},"titanForm":{"root":{"position":"absolute","fontFamily":"'Cormorant', serif;","fontSize":"","fontWeight":"normal","color":"#7f7f7fff"}},"Drawer":{"hamburgerIcon":{"fontFamily":"'Cormorant', serif;","fontSize":"","fontWeight":"normal","color":"#f7f7f7ff","backgroundColor":""},"root":{"fontFamily":"'Cormorant', serif;","fontSize":"","backgroundColor":"#00dbdbff","background":"","fontWeight":"normal","color":"#7f7f7fff"},"linkHover":{"backgroundColor":""},"logo":{"fontFamily":"'Cormorant', serif;","fontSize":"","fontWeight":"normal","color":"#7f7f7fff"},"closeIcon":{"fontFamily":"'Cormorant', serif;","fontSize":"","fontWeight":"normal","color":"#7f7f7fff"},"lightbox":{"backgroundColor":"#ffffffff","fontWeight":"normal","color":"#7f7f7fff","fontFamily":"'Cormorant', serif;"},"title":{"color":"#7f7f7fff","marginTop":"","fontWeight":"normal","fontSize":"18px","fontFamily":"'Cormorant', serif;","marginLeft":"10","backgroundColor":"","marginBottom":"10","lineHeight":"22","letterSpacing":0},"icon":{"fontFamily":"'Cormorant', serif;","fontSize":"20px","fontWeight":"normal","color":"#6b6b6bff"},"link":{"fontFamily":"'Cormorant', serif;","fontSize":"18px","lineHeight":"22","letterSpacing":0,"marginRight":"10","fontWeight":"normal","color":"#7f7f7fff"}},"ItemList":{"root":{"position":"absolute","fontFamily":"'Cormorant', serif;","fontSize":"","fontWeight":"normal","color":"#7f7f7fff"},"Item":{"color":"#ffffffff","paddingTop":"10","height":"","fontWeight":"normal","paddingRight":"20","fontSize":"16px","fontFamily":"'Cormorant', serif;","backgroundColor":"#19c4cb9e","textAlign":"center","paddingLeft":"20","lineHeight":"22","paddingBottom":"10","letterSpacing":0},"ItemHover":{"paddingTop":"10","fontWeight":"normal","paddingRight":"20","fontSize":"16px","backgroundColor":"rgba(25,196,203, 1)","textAlign":"center","paddingLeft":"20","lineHeight":"22","paddingBottom":"10","letterSpacing":0},"ItemActive":{"paddingTop":"10","fontWeight":"normal","paddingRight":"20","fontSize":"16px","backgroundColor":"rgba(25,196,203, 1)","textAlign":"center","paddingLeft":"20","lineHeight":"22","paddingBottom":"10","letterSpacing":0}},"galleryCarousel":{"root":{"color":"#7f7f7fff","borderStyle":"solid","width":"700","height":"400","fontWeight":"normal","position":"absolute","widthUnit":"px","heightUnit":"px","fontSize":"","fontFamily":"'Cormorant', serif;","minHeight":"unset","borderWidth":"0","minHeightUnit":"%","borderRadius":"0"},"header":{"fontFamily":"'Cormorant', serif;","fontSize":"30px","lineHeight":"50","letterSpacing":0,"fontWeight":"normal","color":"#7f7f7fff"},"headerDescription":{"fontFamily":"'Cormorant', serif;","fontSize":"16px","lineHeight":"22","letterSpacing":0,"fontWeight":"normal","color":"#7f7f7fff"},"original":{"width":"505","height":"336","fontWeight":"normal","color":"#7f7f7fff","fontFamily":"'Cormorant', serif;"},"thumbnail":{"width":"160","height":"100","fontWeight":"normal","borderColor":"#fdfdfdff","borderStyle":"solid","borderWidth":"3","color":"#7f7f7fff","fontFamily":"'Cormorant', serif;"},"thumbnailActive":{"width":"160","height":"100","fontWeight":"normal","borderColor":"#68beffff","borderStyle":"solid","borderWidth":"3","color":"#7f7f7fff","fontFamily":"'Cormorant', serif;"}},"Button":{"root":{"color":"#7f7f7fff","borderStyle":"solid","width":"178","height":"42","fontWeight":"normal","position":"absolute","fontSize":"","fontFamily":"'Cormorant', serif;","borderColor":"#0091ffff","borderWidth":"1","borderRadius":26},"primary":{"color":"#ffffffff","paddingTop":"0","borderStyle":"solid","width":"178","height":"42","fontWeight":"normal","paddingRight":"0","fontSize":"18px","fontFamily":"'Cormorant', serif;","backgroundColor":"#19c4cb9e","borderColor":"#00dbdbff","paddingLeft":"0","borderWidth":"1","lineHeight":"30","paddingBottom":"0","letterSpacing":0,"borderRadius":26},"secondaryHover":{"color":"rgba(25,196,203, 1)","paddingTop":"0","borderStyle":"solid","width":"178","height":"42","fontWeight":"normal","paddingRight":"0","fontSize":"18px","fontFamily":"'Cormorant', serif;","backgroundColor":"#ffffffff","borderColor":"#00dbdbff","paddingLeft":"0","borderWidth":"1","lineHeight":"30","paddingBottom":"0","letterSpacing":0,"borderRadius":"26"},"rootActive":{"borderStyle":"solid","borderRadius":"14","fontFamily":"'Cormorant', serif;"},"primaryActive":{"color":"#ffffffff","paddingTop":"0","borderStyle":"solid","width":"178","height":"42","fontWeight":"normal","paddingRight":"0","fontSize":"18px","fontFamily":"'Cormorant', serif;","backgroundColor":"#00dbdbff","borderColor":"#00dbdbff","paddingLeft":"0","borderWidth":"1","lineHeight":"30","paddingBottom":"0","letterSpacing":0,"borderRadius":"26"},"button":{"fontFamily":"'Cormorant', serif;","fontSize":"","fontWeight":"normal","color":"#7f7f7fff"},"secondary":{"color":"rgba(25,196,203, 1)","paddingTop":"0","borderStyle":"solid","width":"178","height":"42","fontWeight":"normal","paddingRight":"0","fontSize":"18px","fontFamily":"'Cormorant', serif;","backgroundColor":"#ffffffff","borderColor":"#00dbdbff","paddingLeft":"0","borderWidth":"1","lineHeight":"30","paddingBottom":"0","letterSpacing":0,"borderRadius":26},"primaryHover":{"color":"#ffffffff","paddingTop":"0","borderStyle":"solid","width":"178","height":"42","fontWeight":"normal","paddingRight":"0","fontSize":"18px","fontFamily":"'Cormorant', serif;","backgroundColor":"#00dbdbff","borderColor":"#00dbdbff","paddingLeft":"0","borderWidth":"1","lineHeight":"30","paddingBottom":"0","letterSpacing":0,"borderRadius":"26"},"rootHover":{"borderStyle":"solid","borderRadius":"14","fontFamily":"'Cormorant', serif;"},"secondaryActive":{"color":"rgba(25,196,203, 1)","paddingTop":"0","borderStyle":"solid","width":"178","height":"42","fontWeight":"normal","paddingRight":"0","fontSize":"18px","fontFamily":"'Cormorant', serif;","backgroundColor":"#ffffffff","borderColor":"#00dbdbff","paddingLeft":"0","borderWidth":"1","lineHeight":"30","paddingBottom":"0","letterSpacing":0,"borderRadius":"26"}},"lookupModal":{"content":{"backgroundColor":"#ffffffff"},"title":{"backgroundColor":"#00bfc0ff"},"bottomText":{"backgroundColor":"#00bfc0ff"},"header":{"backgroundColor":"#82e5e557"},"search":{"width":"100","borderRadius":17,"borderStyle":"solid","borderColor":"","borderWidth":"0","backgroundColor":"rgba(130,229,229, 1)"}},"Line":{"root":{"color":"#7f7f7fff","borderStyle":"solid","height":"2","fontWeight":"normal","position":"absolute","fontSize":"","fontFamily":"'Cormorant', serif;","borderColor":"#a4a4a4ff","borderWidth":"2"}},"SmartVSignUpPage":{"root":{"fontFamily":"'Cormorant', serif;","fontSize":"","fontWeight":"normal","color":"#7f7f7fff"},"buttonContinueHover":{"backgroundColor":"#00dbdbff","borderStyle":"solid","borderRadius":14},"bottomLink":{"fontFamily":"'Cormorant', serif;","fontSize":"16px","lineHeight":"18","letterSpacing":0,"color":"#7f7f7fff","fontWeight":"normal"},"page":{"fontFamily":"'Cormorant', serif;","fontSize":"","fontWeight":"normal","color":"#7f7f7fff","backgroundColor":"#efefe2ff"},"fieldInput":{"fontFamily":"'Cormorant', serif;","fontSize":"18px","lineHeight":"22","letterSpacing":0,"color":"#7f7f7fff","fontWeight":"normal","backgroundColor":"#dde0cdff"},"bottomText":{"fontFamily":"'Cormorant', serif;","fontSize":"18px","lineHeight":"22","letterSpacing":0,"color":"#7f7f7fff","fontWeight":"normal"},"title":{"fontFamily":"'Cormorant', serif;","fontSize":"46px","lineHeight":"56","letterSpacing":0,"color":"#7f7f7fff","fontWeight":"normal"},"buttonContinue":{"color":"#ffffffff","borderStyle":"solid","fontWeight":"normal","fontSize":"18px","fontFamily":"'Cormorant', serif;","backgroundColor":"#00dbdbff","lineHeight":"22","letterSpacing":0,"borderRadius":14},"fieldLabel":{"fontFamily":"'Cormorant', serif;","fontSize":"14px","lineHeight":"16","letterSpacing":0,"color":"#7f7f7fff","fontWeight":"normal"},"description":{"fontFamily":"'Cormorant', serif;","fontSize":"16px","lineHeight":"27","letterSpacing":0,"color":"#7f7f7fff","fontWeight":"normal"},"buttonContinueActive":{"backgroundColor":"#00dbdbff","borderStyle":"solid","borderRadius":14}},"Tab":{"root":{"color":"rgba(127,127,127, 1)","borderStyle":"solid","width":"250","height":"200","fontWeight":"normal","fontSize":"16px","fontFamily":"'Cormorant', serif;","borderColor":"#dde0cdff","borderWidth":"1"},"indicator":{"backgroundColor":"rgba(25,196,203, 1)"},"tabBtnSelected":{"color":"rgba(25,196,203, 1)","fontWeight":"bold","lineHeight":"16","fontFamily":"'Cormorant', serif;","fontSize":"16px"},"tabBtnDisabled":{"fontFamily":"'Cormorant', serif;","fontWeight":"normal","fontSize":"16px","color":"#7f7f7f69"},"scrollButtons":{"fontFamily":"'Cormorant', serif;","fontWeight":"normal","fontSize":"18px","color":"rgba(25,196,203, 1)","borderColor":"rgba(25,196,203, 1)","borderStyle":"solid","borderWidth":"1"}},"SmartVVerificationPage":{"root":{"fontFamily":"'Cormorant', serif;","fontSize":"","fontWeight":"normal","color":"#7f7f7fff"},"buttonContinueHover":{"backgroundColor":"#00dbdbff","borderStyle":"solid","borderRadius":"14"},"bottomLink":{"fontFamily":"'Cormorant', serif;","fontSize":"18px","lineHeight":"22","letterSpacing":0,"color":"#7f7f7fff","fontWeight":"normal"},"page":{"fontFamily":"'Cormorant', serif;","fontSize":"","fontWeight":"normal","color":"#7f7f7fff","backgroundColor":"#efefe2ff"},"fieldInput":{"fontFamily":"'Cormorant', serif;","fontSize":"18px","lineHeight":"22","letterSpacing":0,"fontWeight":"normal","color":"#7f7f7fff","backgroundColor":"#dde0cdff"},"title":{"fontFamily":"'Cormorant', serif;","fontSize":"30px","lineHeight":"36","letterSpacing":0,"fontWeight":"normal","color":"#7f7f7fff"},"buttonContinue":{"color":"#ffffffff","borderStyle":"solid","fontWeight":"normal","fontSize":"18px","fontFamily":"'Cormorant', serif;","backgroundColor":"#00dbdbff","lineHeight":"22","letterSpacing":0,"borderRadius":"14"},"description":{"fontFamily":"'Cormorant', serif;","fontSize":"16px","lineHeight":"22","letterSpacing":0,"color":"#7f7f7fff","fontWeight":"normal"},"buttonContinueActive":{"backgroundColor":"#00dbdbff","borderStyle":"solid","borderRadius":"14"}},"galleryGrid":{"root":{"color":"#7f7f7fff","width":"100","height":"100","fontWeight":"normal","position":"absolute","widthUnit":"%","heightUnit":"%","fontSize":"","fontFamily":"'Cormorant', serif;","minHeight":"unset","minHeightUnit":"%"},"header":{"fontFamily":"'Cormorant', serif;","fontSize":"30px","letterSpacing":0,"lineHeight":"50","fontWeight":"normal","color":"#7f7f7fff"},"headerDescription":{"fontFamily":"'Cormorant', serif;","fontSize":"16px","lineHeight":"22","letterSpacing":0,"fontWeight":"normal","color":"#7f7f7fff"}},"Strip":{"root":{"height":"auto","minHeight":"600","fontFamily":"'Cormorant', serif;","shadow":[{"color":"#d02626ff"}],"fontSize":"","fontWeight":"normal","color":"#7f7f7fff","backgroundImage":""}},"My Widget":{"root":{"fontFamily":"'Cormorant', serif;","fontSize":"","fontWeight":"normal","color":"#7f7f7fff"}},"ConfirmationModal":{"cancelActive":{"fontFamily":"'Cormorant', serif;"},"root":{"fontFamily":"'Cormorant', serif;","fontSize":"","fontWeight":"normal","color":"#7f7f7fff"},"cancelHover":{"fontFamily":"'Cormorant', serif;"},"applyHover":{"fontFamily":"'Cormorant', serif;"},"apply":{"color":"#ffffffff","borderStyle":"solid","fontWeight":"bold","fontSize":"16px","fontFamily":"'Cormorant', serif;","backgroundColor":"#00dbdbff","borderWidth":"0","lineHeight":"22","letterSpacing":0,"borderRadius":14},"applyActive":{"fontFamily":"'Cormorant', serif;"},"title":{"fontFamily":"'Cormorant', serif;","fontSize":"18px","lineHeight":"22","letterSpacing":0,"color":"#7f7f7fff","fontWeight":"normal"},"cancel":{"fontFamily":"'Cormorant', serif;","fontSize":"16px","lineHeight":"23","letterSpacing":0,"fontWeight":"normal","color":"#7f7f7fff"},"description":{"fontFamily":"'Cormorant', serif;","fontSize":"14px","lineHeight":"20","letterSpacing":0,"color":"#7f7f7fff","fontWeight":"normal"}},"ExtendedGallery":{"root":{"color":"#7f7f7fff","borderStyle":"solid","width":"330","height":"300","fontWeight":"normal","position":"absolute","backgroundImage":"''","fontSize":"","fontFamily":"'Cormorant', serif;","backgroundColor":"#ffffffff","borderColor":"#dde0cdff","borderWidth":"1"},"title":{"fontFamily":"'Cormorant', serif;","fontSize":"30px","lineHeight":"36","letterSpacing":0,"paddingTop":"20","fontWeight":"normal","color":"#7f7f7fff"},"description":{"fontFamily":"'Cormorant', serif;","fontSize":"18px","lineHeight":"26","letterSpacing":0,"fontWeight":"normal","color":"#7f7f7fff"},"button":{"color":"#7f7f7fff","borderStyle":"solid","fontWeight":"normal","fontSize":"14px","fontFamily":"'Cormorant', serif;","backgroundColor":"#e4e4e4ff","borderColor":"#b7b4b4ff","borderWidth":"1","lineHeight":"20","letterSpacing":0,"borderRadius":2},"userContainer":{"fontFamily":"'Cormorant', serif;","fontSize":"","fontWeight":"normal","color":"#7f7f7fff"},"userAvatar":{"fontFamily":"'Cormorant', serif;","fontSize":"","width":"60","height":"60","fontWeight":"normal","color":"#7f7f7fff"},"userName":{"fontFamily":"'Cormorant', serif;","fontSize":"16px","lineHeight":"27","letterSpacing":0,"fontWeight":"normal","textAlign":"left","color":"#7f7f7fff"},"userPoweredBy":{"fontFamily":"'Cormorant', serif;","fontSize":"16px","lineHeight":"27","letterSpacing":0,"textAlign":"left","fontWeight":"normal","color":"#7f7f7fff"}},"Link":{"root":{"color":"#00a5a6ff","paddingTop":"0","borderStyle":"solid","fontWeight":"bold","paddingRight":"0","fontSize":"16px","fontFamily":"'Cormorant', serif;","backgroundColor":"#ffffff00","paddingLeft":"0","borderWidth":"0","lineHeight":"20","paddingBottom":"0","letterSpacing":0,"textDecoration":"underline"},"aHover":{"color":"#00a5a6ff","paddingTop":"0","borderStyle":"solid","fontWeight":"bold","paddingRight":"0","fontSize":"16px","fontFamily":"'Cormorant', serif;","backgroundColor":"#ffffff00","paddingLeft":"0","borderWidth":"0","lineHeight":"20","paddingBottom":"0","letterSpacing":0,"textDecoration":"underline"},"rootHover":{"color":"#00a5a6ff","paddingTop":"0","borderStyle":"solid","fontWeight":"bold","paddingRight":"0","fontSize":"16px","fontFamily":"'Cormorant', serif;","backgroundColor":"#ffffff00","paddingLeft":"0","borderWidth":"0","lineHeight":"20","paddingBottom":"0","letterSpacing":0,"textDecoration":"underline"},"aActive":{"color":"#00a5a6ff","paddingTop":"0","borderStyle":"solid","fontWeight":"bold","paddingRight":"0","fontSize":"16px","fontFamily":"'Cormorant', serif;","backgroundColor":"#ffffff00","paddingLeft":"0","borderWidth":"0","lineHeight":"20","paddingBottom":"0","letterSpacing":0,"textDecoration":"underline"},"rootActive":{"color":"#00a5a6ff","paddingTop":"0","borderStyle":"solid","fontWeight":"bold","paddingRight":"0","fontSize":"16px","fontFamily":"'Cormorant', serif;","backgroundColor":"#ffffff00","paddingLeft":"0","borderWidth":"0","lineHeight":"20","paddingBottom":"0","letterSpacing":0,"textDecoration":"underline"}},"Image":{"root":{"position":"absolute","fontFamily":"'Cormorant', serif;","width":"250","height":"200","fontSize":"","fontWeight":"normal","color":"#7f7f7fff"}},"Footer":{"root":{"position":"relative","fontFamily":"'Cormorant', serif;","fontSize":"","fontWeight":"normal","color":"#7f7f7fff"}},"infoBox":{"root":{"shadow":[{"color":"#000000ff"}],"color":"#7f7f7fff","borderStyle":"solid","width":"350","height":"160","fontWeight":"normal","position":"absolute","widthUnit":"px","heightUnit":"px","fontSize":"","fontFamily":"'Cormorant', serif;","backgroundColor":"#f3f4ebff","borderColor":"#dde0cdff","minHeight":"unset","borderWidth":"1","paddingBottom":"","minHeightUnit":"%"},"title":{"fontFamily":"'Cormorant', serif;","fontSize":"24px","lineHeight":"30","letterSpacing":0,"marginRight":"20","fontWeight":"normal","color":"#7f7f7fff"},"content":{"fontFamily":"'Cormorant', serif;","fontSize":"36px","color":"#7f7f7fff","lineHeight":"50","letterSpacing":0,"marginRight":"20","fontWeight":"normal"},"subText":{"color":"#7f7f7fff","paddingTop":"","fontWeight":"normal","fontSize":"16px","fontFamily":"'Cormorant', serif;","marginLeft":"20","marginBottom":"10","lineHeight":"30","letterSpacing":0},"icon":{"fill":"#00dbdbff","color":"#7f7f7fff","paddingTop":"15","width":"100","height":"100","fontWeight":"normal","fontSize":"","fontFamily":"'Cormorant', serif;","backgroundColor":"","paddingBottom":"15"},"divider":{"backgroundColor":"#dde0cdff","paddingLeft":"","marginLeft":"10","marginRight":"10","fontWeight":"normal","color":"#7f7f7fff","fontFamily":"'Cormorant', serif;"}},"list":{"col":{"fontFamily":"'Cormorant', serif;","fontSize":"","paddingTop":"","paddingBottom":"","fontWeight":"normal","color":"#7f7f7fff"},"headCol":{"fontSize":"16px","color":"#ffffffff","fontFamily":"'Cormorant', serif;","fontWeight":"bold","lineHeight":"22","letterSpacing":0},"root":{"shadow":[{"color":"#000000ff"}],"color":"#7f7f7fff","borderStyle":"solid","width":"300","height":"200","fontWeight":"normal","position":"absolute","widthUnit":"px","heightUnit":"px","fontSize":"","fontFamily":"'Cormorant', serif;","borderColor":"#dde0cdff","minHeight":"unset","borderWidth":"1","minHeightUnit":"%","borderRadius":"0"},"grouping":{"fontFamily":"'Cormorant', serif;","fontSize":"","fontWeight":"normal","color":"#7f7f7fff"},"colSelection":{"fontFamily":"'Cormorant', serif;","fontSize":"","fontWeight":"normal","color":"#7f7f7fff"},"header":{"fontFamily":"'Cormorant', serif;","fontSize":"30px","lineHeight":"50","letterSpacing":0,"fontWeight":"normal","color":"#7f7f7fff"},"scroll":{"color":"#7f7f7fff","borderStyle":"solid","thumbImage":"","width":"10","fontWeight":"normal","thumbColor":"","fontFamily":"'Cormorant', serif;","borderColor":"#b9b8b8ff","borderWidth":"1","scrollBarColor":"#f3f4ebff","borderRadius":"2"},"activeTab":{"fontFamily":"'Cormorant', serif;","fontSize":"","backgroundColor":"#d1e8f9ff","fontWeight":"normal","color":"#7f7f7fff"},"headerDescription":{"fontFamily":"'Cormorant', serif;","fontSize":"16px","lineHeight":"22","letterSpacing":0,"fontWeight":"normal","color":"#7f7f7fff"},"tab":{"fontFamily":"'Cormorant', serif;","fontSize":"","fontWeight":"normal","color":"#7f7f7fff"},"row":{"fontFamily":"'Cormorant', serif;","fontSize":"16px","height":"40","lineHeight":"22","letterSpacing":0,"fontWeight":"normal","color":"#7f7f7fff"},"headRow":{"color":"#7f7f7fff","height":"50","fontWeight":"normal","background":"","fontSize":"18px","fontFamily":"'Cormorant', serif;","backgroundColor":"#2ad2d296","lineHeight":"38","letterSpacing":0}},"chart":{"root":{"shadow":[{"color":"#000000ff"}],"color":"#7f7f7fff","borderStyle":"solid","width":"300","height":"200","fontWeight":"normal","position":"absolute","widthUnit":"px","paddingRight":"10","heightUnit":"px","fontSize":"","fontFamily":"'Cormorant', serif;","borderColor":"#dde0cdff","paddingLeft":"10","minHeight":"unset","borderWidth":"1","minHeightUnit":"%"},"header":{"fontFamily":"'Cormorant', serif;","fontSize":"30px","lineHeight":"50","letterSpacing":0,"fontWeight":"normal","color":"#7f7f7fff"},"headerDescription":{"fontFamily":"'Cormorant', serif;","fontSize":"16px","lineHeight":"22","letterSpacing":0,"fontWeight":"normal","color":"#7f7f7fff"},"no-data":{"fontFamily":"'Cormorant', serif;","fontSize":"18px","fontWeight":"normal","lineHeight":"24","letterSpacing":0,"color":"#7f7f7fff"},"axisX":{"fontFamily":"'Cormorant', serif;","fontSize":"12px","lineHeight":"16","letterSpacing":0,"fontWeight":"normal","color":"#7f7f7fff"},"axisY":{"fontFamily":"'Cormorant', serif;","fontSize":"12px","fontWeight":"normal","lineHeight":"16","letterSpacing":0,"color":"#7f7f7fff"},"chartColor":{"fontFamily":"'Cormorant', serif;","chartColor":"#007073ff;#00a5a6ff;#00bfc0ff;#d5f6f7ff;#69ddbaff;#00f7f7ff;#7ee6cdff","fontSize":"","fontWeight":"normal","color":"#7f7f7fff"}}},"primaryContrastColor":"#ffffff"},"recentColors":["#ea0a0aff","#c55a5aff","#e21515ff","#e67575ff","#5a5353ff"],"RepeatedStripsID":["s187"],"lastID":189,"customFonts":[{"value":"'Cormorant', serif;","label":"Cormorant"},{"value":"'Lato', sans-serif;","label":"Lato"},{"value":"'Exo 2', sans-serif;","label":"Exo 2"}],"pushToSalesforce":{"enabled":true,"isWidget":true,"list":[{"sobjectLabel":"Case","fieldParameters":{"ContactId":{"isBulkMode":true}},"multiMatchs":"first","showLoadingMessage":true,"loadingMessage":" ","uid":"83ebf23b-ced1-4584-8138-6e5951d66a9d","sobject":"Case","updateCondition":[],"childrens":[],"action":"create","isPushItem":true,"customSkipMessage":"Skipped ...","limits":"","anyMatch":"skip","isSFGetIntegration":false,"gridFields":{"ContactId":"PowerTableWidget:9bb5f059-c8bd-4da4-9f7e-2611f20ae7e1##9bb5f059-c8bd-4da4-9f7e-2611f20ae7e1:e157-selectedItems","Description":"view:9bb5f059-c8bd-4da4-9f7e-2611f20ae7e1##9bb5f059-c8bd-4da4-9f7e-2611f20ae7e1:e159","Subject":"view:9bb5f059-c8bd-4da4-9f7e-2611f20ae7e1##9bb5f059-c8bd-4da4-9f7e-2611f20ae7e1:e158"},"comment":"create cases for contacts"},{"sobjectLabel":"Contact","multiMatchs":"first","showLoadingMessage":true,"loadingMessage":" ","uid":"ebb2abc6-b31f-4ba1-ac23-0ea8cde976e3","sobject":"Contact","updateCondition":[],"childrens":[],"action":"create","isPushItem":true,"customSkipMessage":"Skipped ...","limits":"","anyMatch":"skip","isSFGetIntegration":false,"gridFields":{"LastName":"view:9bb5f059-c8bd-4da4-9f7e-2611f20ae7e1##9bb5f059-c8bd-4da4-9f7e-2611f20ae7e1:e162","FirstName":"view:9bb5f059-c8bd-4da4-9f7e-2611f20ae7e1##9bb5f059-c8bd-4da4-9f7e-2611f20ae7e1:e163","Email":"view:9bb5f059-c8bd-4da4-9f7e-2611f20ae7e1##9bb5f059-c8bd-4da4-9f7e-2611f20ae7e1:e164"},"comment":"create a contact"}]},"ui":{"useAnimations":true},"customDomain":{"status":false},"elements":{"Footer":{"type":"Strip","props":{"styleRef":"Footer"},"children":[]}},"rules":{"602458f3d91dc20a40be1273:602458f3d91dc20a40be1273":[{"uid":"8e60e79d-eb43-4b63-97e8-1e831ff7e059","conditions":[{"field":{"value":"9bb5f059-c8bd-4da4-9f7e-2611f20ae7e1:s187:01432a5a-0550-4dee-8b92-dac040078adf","label":"[Repeat] / Strip / acc_type_var","uid":"s187","group":"view:9bb5f059-c8bd-4da4-9f7e-2611f20ae7e1","type":"Strip"},"operator":"equalsnotcase","valueType":"value","value":"Customer - Direct","bracket":"","post":""}],"isAction":false,"actions":{"9bb5f059-c8bd-4da4-9f7e-2611f20ae7e1:s187:s187":[{"elemType":"Strip","type":"set_bg_color","value":"#e67575ff"}]}},{"uid":"65f42ec9-68a4-4eb6-b5d4-c7a7a0653e3d","conditions":[{"field":{"value":"9bb5f059-c8bd-4da4-9f7e-2611f20ae7e1:s187:01432a5a-0550-4dee-8b92-dac040078adf","label":"[Repeat] / Strip / acc_type_var","uid":"s187","group":"view:9bb5f059-c8bd-4da4-9f7e-2611f20ae7e1","type":"Strip"},"operator":"equalsnotcase","valueType":"value","value":"Customer - Channel","bracket":"","post":""}],"isAction":false,"actions":{"9bb5f059-c8bd-4da4-9f7e-2611f20ae7e1:s187:s187":[{"elemType":"Strip","type":"set_bg_color","value":"#5a5353ff"}]}}],"9bb5f059-c8bd-4da4-9f7e-2611f20ae7e1:e163":[{"uid":"cf768df1-cb85-44a0-8a4d-851f1b252e1f","conditions":[],"isAction":false,"actions":{"executeJS":{"0":{"enabled":false,"code":""}}}}],"9bb5f059-c8bd-4da4-9f7e-2611f20ae7e1:e162":[{"uid":"3817c110-c5f6-427d-9478-90a73d717638","conditions":[{"field":{"value":"9bb5f059-c8bd-4da4-9f7e-2611f20ae7e1:e162","label":"firstname","uid":"e162","group":"view:9bb5f059-c8bd-4da4-9f7e-2611f20ae7e1","type":"FormField","subType":"text"},"operator":"isnotempty","valueType":"value","value":"","bracket":"","post":""}],"isAction":false,"actions":{"executeJS":{"0":{"enabled":true,"code":"let fnameval = ftGetValueByID('9bb5f059-c8bd-4da4-9f7e-2611f20ae7e1', 'e162'); \nfnameval += ' TITAN WEB IS REALLY COOL';\n\nftSetValueByID('9bb5f059-c8bd-4da4-9f7e-2611f20ae7e1', 'e163', fnameval);"}}}}]},"customDomainSettings":{"host":"yoursubdomain.docstitan.com","ipServer":"206.189.9.167","customDomain":{"IsProcessed":false,"IsDisabled":false,"UserID":235842,"IsVerified":false,"ProjectID":"602458f3d91dc20a40be1273","CustomDomain":"donkeyforce.xyz","__v":0,"_id":"60758e709afa367d9a314eab","CreatedAt":"2021-04-13T12:28:32.963Z"},"isSubdomain":false,"isValidDomain":true,"nsDomain":{"status":true,"list":["ns-286.awsdns-35.com","ns-1878.awsdns-42.co.uk","ns-765.awsdns-31.net","ns-1380.awsdns-44.org"]}},"sfMapping":{"enabled":true,"isWidget":true,"list":[{"sobjectLabel":"Contact","loadPickList":true,"multiMatchs":"first","isCacheMetadata":true,"showLoadingMessage":true,"loadingMessage":" ","uid":"8cd5457a-6b0e-4627-816b-62e9a98693e4","processOnCustomButton":false,"sobject":"Contact","isChild":false,"updateCondition":[],"childrens":[],"processOnload":true,"customSkipMessage":"Skipped ...","limits":1,"anyMatch":"skip","isSFGetIntegration":true,"gridFields":{"view:9bb5f059-c8bd-4da4-9f7e-2611f20ae7e1#-#9bb5f059-c8bd-4da4-9f7e-2611f20ae7e1:e184:ftListValue":"LeadSource"},"comment":""},{"sobjectLabel":"Account","enable":false,"multiMatchs":"all","showLoadingMessage":true,"loadingMessage":" ","uid":"dcdc2d08-39cd-42ab-b2f5-eccff3edcb41","processOnCustomButton":false,"sobject":"Account","isChild":false,"updateCondition":[{"conditions":[{"postCondition":"and","conditionType":"string","name":"Type","sfType":"picklist","refField":null,"operator":"isnotempty"}]}],"ordering":[{"name":"Type","type":"ASC"}],"childrens":[],"processOnload":true,"customSkipMessage":"Skipped ...","limits":100,"anyMatch":"skip","isSFGetIntegration":true,"gridFields":{"view:9bb5f059-c8bd-4da4-9f7e-2611f20ae7e1#-#9bb5f059-c8bd-4da4-9f7e-2611f20ae7e1:s187:e188:TYPO_TEXT":"Name","view:9bb5f059-c8bd-4da4-9f7e-2611f20ae7e1#-#9bb5f059-c8bd-4da4-9f7e-2611f20ae7e1:s187:e189:TYPO_TEXT":"Type","view:9bb5f059-c8bd-4da4-9f7e-2611f20ae7e1#-#9bb5f059-c8bd-4da4-9f7e-2611f20ae7e1:s187:01432a5a-0550-4dee-8b92-dac040078adf":"Type"},"comment":"get account"}]},"isConfiguredCustomDomain":false},"PublishedAt":"2021-05-24T20:59:34.005Z","PublishedIsPublic":true,"PublishedURL":"ft4d32583119b646b59b65974122eb595a"}